Año,Trimestre,Provincia,Banda ancha fija,Dial up,Total,Trimestre_Label
2024-01-01,2,BUENOS AIRES,4983480,5900.0,4989380,Q2
2024-01-01,2,BUENOS AIRES,1461549,2050.0,1463599,Q2
2024-01-01,2,CATAMARCA,75073,1.0,75074,Q2
2024-01-01,2,CHACO,147087,5.0,147092,Q2
2024-01-01,2,CHUBUT,173366,857.0,174223,Q2
2024-01-01,2,CÓRDOBA,1085711,63.0,1085774,Q2
2024-01-01,2,CORRIENTES,156472,3.0,156475,Q2
2024-01-01,2,ENTRE RÍOS,294291,20.0,294311,Q2
2024-01-01,2,FORMOSA,62950,0.0,62950,Q2
2024-01-01,2,JUJUY,119684,0.0,119684,Q2
2024-01-01,2,LA PAMPA,123101,162.0,123263,Q2
2024-01-01,2,LA RIOJA,87477,4.0,87481,Q2
2024-01-01,2,MENDOZA,300923,730.0,301653,Q2
2024-01-01,2,MISIONES,206554,0.0,206554,Q2
2024-01-01,2,NEUQUÉN,163103,439.0,163542,Q2
2024-01-01,2,RÍO NEGRO,171526,515.0,172041,Q2
2024-01-01,2,SALTA,201336,5.0,201341,Q2
2024-01-01,2,SAN JUAN,105743,247.0,105990,Q2
2024-01-01,2,SAN LUIS,157444,165.0,157609,Q2
2024-01-01,2,SANTA CRUZ,83274,187.0,83461,Q2
2024-01-01,2,SANTA FE,930867,106.0,930973,Q2
2024-01-01,2,SANTIAGO DEL ESTERO,125312,2.0,125314,Q2
2024-01-01,2,TIERRA DEL FUEGO,61104,305.0,61409,Q2
2024-01-01,2,TUCUMÁN,266887,27.0,266914,Q2
2024-01-01,1,BUENOS AIRES,5038657,5900.0,5044557,Q1
2024-01-01,1,BUENOS AIRES,1502661,2050.0,1504711,Q1
2024-01-01,1,CATAMARCA,74932,1.0,74933,Q1
2024-01-01,1,CHACO,155538,5.0,155543,Q1
2024-01-01,1,CHUBUT,169819,857.0,170676,Q1
2024-01-01,1,CÓRDOBA,1082136,63.0,1082199,Q1
2024-01-01,1,CORRIENTES,157891,3.0,157894,Q1
2024-01-01,1,ENTRE RÍOS,296532,20.0,296552,Q1
2024-01-01,1,FORMOSA,62718,0.0,62718,Q1
2024-01-01,1,JUJUY,118053,0.0,118053,Q1
2024-01-01,1,LA PAMPA,122033,162.0,122195,Q1
2024-01-01,1,LA RIOJA,87778,4.0,87782,Q1
2024-01-01,1,MENDOZA,301867,730.0,302597,Q1
2024-01-01,1,MISIONES,202556,0.0,202556,Q1
2024-01-01,1,NEUQUÉN,163807,439.0,164246,Q1
2024-01-01,1,RÍO NEGRO,170504,515.0,171019,Q1
2024-01-01,1,SALTA,202856,5.0,202861,Q1
2024-01-01,1,SAN JUAN,106419,247.0,106666,Q1
2024-01-01,1,SAN LUIS,155925,165.0,156090,Q1
2024-01-01,1,SANTA CRUZ,80021,187.0,80208,Q1
2024-01-01,1,SANTA FE,918482,106.0,918588,Q1
2024-01-01,1,SANTIAGO DEL ESTERO,124360,2.0,124362,Q1
2024-01-01,1,TIERRA DEL FUEGO,61250,305.0,61555,Q1
2024-01-01,1,TUCUMÁN,264568,27.0,264595,Q1
2023-01-01,4,BUENOS AIRES,5005720,5900.0,5011620,Q4
2023-01-01,4,BUENOS AIRES,1472317,2050.0,1474367,Q4
2023-01-01,4,CATAMARCA,74586,1.0,74587,Q4
2023-01-01,4,CHACO,147381,5.0,147386,Q4
2023-01-01,4,CHUBUT,169313,857.0,170170,Q4
2023-01-01,4,CÓRDOBA,1079239,63.0,1079302,Q4
2023-01-01,4,CORRIENTES,159469,3.0,159472,Q4
2023-01-01,4,ENTRE RÍOS,298617,20.0,298637,Q4
2023-01-01,4,FORMOSA,62002,0.0,62002,Q4
2023-01-01,4,JUJUY,118020,0.0,118020,Q4
2023-01-01,4,LA PAMPA,121164,162.0,121326,Q4
2023-01-01,4,LA RIOJA,87717,4.0,87721,Q4
2023-01-01,4,MENDOZA,298621,730.0,299351,Q4
2023-01-01,4,MISIONES,200333,0.0,200333,Q4
2023-01-01,4,NEUQUÉN,164188,439.0,164627,Q4
2023-01-01,4,RÍO NEGRO,167902,515.0,168417,Q4
2023-01-01,4,SALTA,204727,5.0,204732,Q4
2023-01-01,4,SAN JUAN,102963,247.0,103210,Q4
2023-01-01,4,SAN LUIS,154520,165.0,154685,Q4
2023-01-01,4,SANTA CRUZ,86844,187.0,87031,Q4
2023-01-01,4,SANTA FE,909395,106.0,909501,Q4
2023-01-01,4,SANTIAGO DEL ESTERO,123228,2.0,123230,Q4
2023-01-01,4,TIERRA DEL FUEGO,61294,305.0,61599,Q4
2023-01-01,4,TUCUMÁN,266308,27.0,266335,Q4
2023-01-01,3,BUENOS AIRES,4962337,5900.0,4968237,Q3
2023-01-01,3,BUENOS AIRES,1465934,2050.0,1467984,Q3
2023-01-01,3,CATAMARCA,74354,1.0,74355,Q3
2023-01-01,3,CHACO,142141,5.0,142146,Q3
2023-01-01,3,CHUBUT,167211,857.0,168068,Q3
2023-01-01,3,CÓRDOBA,1069271,63.0,1069334,Q3
2023-01-01,3,CORRIENTES,159826,3.0,159829,Q3
2023-01-01,3,ENTRE RÍOS,293273,20.0,293293,Q3
2023-01-01,3,FORMOSA,61314,0.0,61314,Q3
2023-01-01,3,JUJUY,117377,0.0,117377,Q3
2023-01-01,3,LA PAMPA,119759,162.0,119921,Q3
2023-01-01,3,LA RIOJA,87697,4.0,87701,Q3
2023-01-01,3,MENDOZA,297292,730.0,298022,Q3
2023-01-01,3,MISIONES,197135,0.0,197135,Q3
2023-01-01,3,NEUQUÉN,163834,439.0,164273,Q3
2023-01-01,3,RÍO NEGRO,162970,515.0,163485,Q3
2023-01-01,3,SALTA,206228,5.0,206233,Q3
2023-01-01,3,SAN JUAN,103483,247.0,103730,Q3
2023-01-01,3,SAN LUIS,148751,165.0,148916,Q3
2023-01-01,3,SANTA CRUZ,47800,187.0,47987,Q3
2023-01-01,3,SANTA FE,900246,106.0,900352,Q3
2023-01-01,3,SANTIAGO DEL ESTERO,121926,2.0,121928,Q3
2023-01-01,3,TIERRA DEL FUEGO,58426,305.0,58731,Q3
2023-01-01,3,TUCUMÁN,266530,27.0,266557,Q3
2023-01-01,2,BUENOS AIRES,4879442,6046.0,4885488,Q2
2023-01-01,2,BUENOS AIRES,1455578,2100.0,1457678,Q2
2023-01-01,2,CATAMARCA,72989,1.0,72990,Q2
2023-01-01,2,CHACO,141850,5.0,141855,Q2
2023-01-01,2,CHUBUT,163078,883.0,163961,Q2
2023-01-01,2,CÓRDOBA,1067686,65.0,1067751,Q2
2023-01-01,2,CORRIENTES,158290,4.0,158294,Q2
2023-01-01,2,ENTRE RÍOS,273927,20.0,273947,Q2
2023-01-01,2,FORMOSA,60350,0.0,60350,Q2
2023-01-01,2,JUJUY,117442,0.0,117442,Q2
2023-01-01,2,LA PAMPA,118744,166.0,118910,Q2
2023-01-01,2,LA RIOJA,86968,4.0,86972,Q2
2023-01-01,2,MENDOZA,296921,755.0,297676,Q2
2023-01-01,2,MISIONES,195471,0.0,195471,Q2
2023-01-01,2,NEUQUÉN,161289,457.0,161746,Q2
2023-01-01,2,RÍO NEGRO,162848,531.0,163379,Q2
2023-01-01,2,SALTA,205323,5.0,205328,Q2
2023-01-01,2,SAN JUAN,97189,260.0,97449,Q2
2023-01-01,2,SAN LUIS,140575,173.0,140748,Q2
2023-01-01,2,SANTA CRUZ,48410,192.0,48602,Q2
2023-01-01,2,SANTA FE,895706,108.0,895814,Q2
2023-01-01,2,SANTIAGO DEL ESTERO,117807,2.0,117809,Q2
2023-01-01,2,TIERRA DEL FUEGO,58325,310.0,58635,Q2
2023-01-01,2,TUCUMÁN,263573,29.0,263602,Q2
2023-01-01,1,BUENOS AIRES,4814729,6199.0,4820928,Q1
2023-01-01,1,BUENOS AIRES,1546584,2145.0,1548729,Q1
2023-01-01,1,CATAMARCA,71491,1.0,71492,Q1
2023-01-01,1,CHACO,142437,5.0,142442,Q1
2023-01-01,1,CHUBUT,169149,904.0,170053,Q1
2023-01-01,1,CÓRDOBA,1049904,68.0,1049972,Q1
2023-01-01,1,CORRIENTES,157016,4.0,157020,Q1
2023-01-01,1,ENTRE RÍOS,274856,22.0,274878,Q1
2023-01-01,1,FORMOSA,60985,0.0,60985,Q1
2023-01-01,1,JUJUY,117981,0.0,117981,Q1
2023-01-01,1,LA PAMPA,116333,171.0,116504,Q1
2023-01-01,1,LA RIOJA,86401,4.0,86405,Q1
2023-01-01,1,MENDOZA,292242,777.0,293019,Q1
2023-01-01,1,MISIONES,190685,0.0,190685,Q1
2023-01-01,1,NEUQUÉN,159944,468.0,160412,Q1
2023-01-01,1,RÍO NEGRO,163783,548.0,164331,Q1
2023-01-01,1,SALTA,205421,5.0,205426,Q1
2023-01-01,1,SAN JUAN,101486,281.0,101767,Q1
2023-01-01,1,SAN LUIS,135281,182.0,135463,Q1
2023-01-01,1,SANTA CRUZ,50163,198.0,50361,Q1
2023-01-01,1,SANTA FE,886164,110.0,886274,Q1
2023-01-01,1,SANTIAGO DEL ESTERO,118553,2.0,118555,Q1
2023-01-01,1,TIERRA DEL FUEGO,56801,312.0,57113,Q1
2023-01-01,1,TUCUMÁN,261070,30.0,261100,Q1
2022-01-01,4,BUENOS AIRES,4788466,6199.0,4794665,Q4
2022-01-01,4,BUENOS AIRES,1549781,2145.0,1551926,Q4
2022-01-01,4,CATAMARCA,70908,1.0,70909,Q4
2022-01-01,4,CHACO,143658,5.0,143663,Q4
2022-01-01,4,CHUBUT,167855,904.0,168759,Q4
2022-01-01,4,CÓRDOBA,1049592,68.0,1049660,Q4
2022-01-01,4,CORRIENTES,155449,4.0,155453,Q4
2022-01-01,4,ENTRE RÍOS,270952,22.0,270974,Q4
2022-01-01,4,FORMOSA,61840,0.0,61840,Q4
2022-01-01,4,JUJUY,118218,0.0,118218,Q4
2022-01-01,4,LA PAMPA,113993,171.0,114164,Q4
2022-01-01,4,LA RIOJA,86258,4.0,86262,Q4
2022-01-01,4,MENDOZA,291327,777.0,292104,Q4
2022-01-01,4,MISIONES,186269,0.0,186269,Q4
2022-01-01,4,NEUQUÉN,159712,468.0,160180,Q4
2022-01-01,4,RÍO NEGRO,161544,548.0,162092,Q4
2022-01-01,4,SALTA,205855,5.0,205860,Q4
2022-01-01,4,SAN JUAN,103545,281.0,103826,Q4
2022-01-01,4,SAN LUIS,135028,192.0,135220,Q4
2022-01-01,4,SANTA CRUZ,50005,198.0,50203,Q4
2022-01-01,4,SANTA FE,887581,110.0,887691,Q4
2022-01-01,4,SANTIAGO DEL ESTERO,119492,2.0,119494,Q4
2022-01-01,4,TIERRA DEL FUEGO,54948,312.0,55260,Q4
2022-01-01,4,TUCUMÁN,263392,30.0,263422,Q4
2022-01-01,3,BUENOS AIRES,4715469,6199.0,4721668,Q3
2022-01-01,3,BUENOS AIRES,1545534,2145.0,1547679,Q3
2022-01-01,3,CATAMARCA,70292,1.0,70293,Q3
2022-01-01,3,CHACO,144141,5.0,144146,Q3
2022-01-01,3,CHUBUT,164874,904.0,165778,Q3
2022-01-01,3,CÓRDOBA,1038600,68.0,1038668,Q3
2022-01-01,3,CORRIENTES,144842,4.0,144846,Q3
2022-01-01,3,ENTRE RÍOS,268937,22.0,268959,Q3
2022-01-01,3,FORMOSA,68537,1.0,68538,Q3
2022-01-01,3,JUJUY,118823,0.0,118823,Q3
2022-01-01,3,LA PAMPA,115921,171.0,116092,Q3
2022-01-01,3,LA RIOJA,86860,4.0,86864,Q3
2022-01-01,3,MENDOZA,288746,777.0,289523,Q3
2022-01-01,3,MISIONES,182157,0.0,182157,Q3
2022-01-01,3,NEUQUÉN,162693,468.0,163161,Q3
2022-01-01,3,RÍO NEGRO,160010,548.0,160558,Q3
2022-01-01,3,SALTA,204536,5.0,204541,Q3
2022-01-01,3,SAN JUAN,103118,281.0,103399,Q3
2022-01-01,3,SAN LUIS,121888,182.0,122070,Q3
2022-01-01,3,SANTA CRUZ,49312,198.0,49510,Q3
2022-01-01,3,SANTA FE,887700,110.0,887810,Q3
2022-01-01,3,SANTIAGO DEL ESTERO,119030,2.0,119032,Q3
2022-01-01,3,TIERRA DEL FUEGO,53584,312.0,53896,Q3
2022-01-01,3,TUCUMÁN,263087,30.0,263117,Q3
2022-01-01,2,BUENOS AIRES,4660984,6199.0,4667183,Q2
2022-01-01,2,BUENOS AIRES,1534626,2145.0,1536771,Q2
2022-01-01,2,CATAMARCA,67007,1.0,67008,Q2
2022-01-01,2,CHACO,143559,5.0,143564,Q2
2022-01-01,2,CHUBUT,161901,904.0,162805,Q2
2022-01-01,2,CÓRDOBA,1026367,68.0,1026435,Q2
2022-01-01,2,CORRIENTES,144993,4.0,144997,Q2
2022-01-01,2,ENTRE RÍOS,269330,22.0,269352,Q2
2022-01-01,2,FORMOSA,67881,0.0,67881,Q2
2022-01-01,2,JUJUY,115314,0.0,115314,Q2
2022-01-01,2,LA PAMPA,111356,171.0,111527,Q2
2022-01-01,2,LA RIOJA,86026,4.0,86030,Q2
2022-01-01,2,MENDOZA,278785,777.0,279562,Q2
2022-01-01,2,MISIONES,178813,0.0,178813,Q2
2022-01-01,2,NEUQUÉN,161500,468.0,161968,Q2
2022-01-01,2,RÍO NEGRO,159216,548.0,159764,Q2
2022-01-01,2,SALTA,203172,5.0,203177,Q2
2022-01-01,2,SAN JUAN,100126,281.0,100407,Q2
2022-01-01,2,SAN LUIS,121559,182.0,121741,Q2
2022-01-01,2,SANTA CRUZ,48987,198.0,49185,Q2
2022-01-01,2,SANTA FE,878749,110.0,878859,Q2
2022-01-01,2,SANTIAGO DEL ESTERO,118042,2.0,118044,Q2
2022-01-01,2,TIERRA DEL FUEGO,53458,312.0,53770,Q2
2022-01-01,2,TUCUMÁN,254497,30.0,254527,Q2
2022-01-01,1,BUENOS AIRES,4549131,6293.0,4555424,Q1
2022-01-01,1,BUENOS AIRES,1415378,2163.0,1417541,Q1
2022-01-01,1,CATAMARCA,62377,1.0,62378,Q1
2022-01-01,1,CHACO,144114,5.0,144119,Q1
2022-01-01,1,CHUBUT,170701,927.0,171628,Q1
2022-01-01,1,CÓRDOBA,1003729,74.0,1003803,Q1
2022-01-01,1,CORRIENTES,142574,4.0,142578,Q1
2022-01-01,1,ENTRE RÍOS,267904,22.0,267926,Q1
2022-01-01,1,FORMOSA,54548,0.0,54548,Q1
2022-01-01,1,JUJUY,116509,0.0,116509,Q1
2022-01-01,1,LA PAMPA,109560,172.0,109732,Q1
2022-01-01,1,LA RIOJA,84299,4.0,84303,Q1
2022-01-01,1,MENDOZA,274399,786.0,275185,Q1
2022-01-01,1,MISIONES,171508,0.0,171508,Q1
2022-01-01,1,NEUQUÉN,149208,471.0,149679,Q1
2022-01-01,1,RÍO NEGRO,156821,553.0,157374,Q1
2022-01-01,1,SALTA,197510,5.0,197515,Q1
2022-01-01,1,SAN JUAN,87888,290.0,88178,Q1
2022-01-01,1,SAN LUIS,119659,185.0,119844,Q1
2022-01-01,1,SANTA CRUZ,48898,204.0,49102,Q1
2022-01-01,1,SANTA FE,870364,115.0,870479,Q1
2022-01-01,1,SANTIAGO DEL ESTERO,116459,2.0,116461,Q1
2022-01-01,1,TIERRA DEL FUEGO,52298,313.0,52611,Q1
2022-01-01,1,TUCUMÁN,245554,30.0,245584,Q1
2021-01-01,4,BUENOS AIRES,4502772,6385.0,4509157,Q4
2021-01-01,4,BUENOS AIRES,1409935,2184.0,1412119,Q4
2021-01-01,4,CATAMARCA,59089,1.0,59090,Q4
2021-01-01,4,CHACO,143740,5.0,143745,Q4
2021-01-01,4,CHUBUT,159364,944.0,160308,Q4
2021-01-01,4,CÓRDOBA,986693,77.0,986770,Q4
2021-01-01,4,CORRIENTES,135908,4.0,135912,Q4
2021-01-01,4,ENTRE RÍOS,265024,22.0,265046,Q4
2021-01-01,4,FORMOSA,53663,0.0,53663,Q4
2021-01-01,4,JUJUY,113915,0.0,113915,Q4
2021-01-01,4,LA PAMPA,106834,173.0,107007,Q4
2021-01-01,4,LA RIOJA,83124,4.0,83128,Q4
2021-01-01,4,MENDOZA,266783,804.0,267587,Q4
2021-01-01,4,MISIONES,171132,0.0,171132,Q4
2021-01-01,4,NEUQUÉN,146989,477.0,147466,Q4
2021-01-01,4,RÍO NEGRO,153189,564.0,153753,Q4
2021-01-01,4,SALTA,199399,6.0,199405,Q4
2021-01-01,4,SAN JUAN,79667,291.0,79958,Q4
2021-01-01,4,SAN LUIS,118662,187.0,118849,Q4
2021-01-01,4,SANTA CRUZ,48276,210.0,48486,Q4
2021-01-01,4,SANTA FE,866265,176.0,866441,Q4
2021-01-01,4,SANTIAGO DEL ESTERO,115859,2.0,115861,Q4
2021-01-01,4,TIERRA DEL FUEGO,52042,315.0,52357,Q4
2021-01-01,4,TUCUMÁN,238609,30.0,238639,Q4
2021-01-01,3,BUENOS AIRES,4246425,5184.0,4251609,Q3
2021-01-01,3,BUENOS AIRES,1411797,1608.0,1413405,Q3
2021-01-01,3,CATAMARCA,56253,1.0,56254,Q3
2021-01-01,3,CHACO,139868,3.0,139871,Q3
2021-01-01,3,CHUBUT,155266,800.0,156066,Q3
2021-01-01,3,CÓRDOBA,946726,62.0,946788,Q3
2021-01-01,3,CORRIENTES,133816,3.0,133819,Q3
2021-01-01,3,ENTRE RÍOS,260360,15.0,260375,Q3
2021-01-01,3,FORMOSA,52795,0.0,52795,Q3
2021-01-01,3,JUJUY,111158,0.0,111158,Q3
2021-01-01,3,LA PAMPA,100371,116.0,100487,Q3
2021-01-01,3,LA RIOJA,82157,3.0,82160,Q3
2021-01-01,3,MENDOZA,255320,619.0,255939,Q3
2021-01-01,3,MISIONES,158528,0.0,158528,Q3
2021-01-01,3,NEUQUÉN,139436,373.0,139809,Q3
2021-01-01,3,RÍO NEGRO,144084,501.0,144585,Q3
2021-01-01,3,SALTA,195831,2.0,195833,Q3
2021-01-01,3,SAN JUAN,79227,256.0,79483,Q3
2021-01-01,3,SAN LUIS,117716,148.0,117864,Q3
2021-01-01,3,SANTA CRUZ,48779,197.0,48976,Q3
2021-01-01,3,SANTA FE,841433,151.0,841584,Q3
2021-01-01,3,SANTIAGO DEL ESTERO,115457,1.0,115458,Q3
2021-01-01,3,TIERRA DEL FUEGO,49934,289.0,50223,Q3
2021-01-01,3,TUCUMÁN,232447,25.0,232472,Q3
2021-01-01,2,BUENOS AIRES,4127167,5184.0,4132351,Q2
2021-01-01,2,BUENOS AIRES,1398747,1608.0,1400355,Q2
2021-01-01,2,CATAMARCA,55743,1.0,55744,Q2
2021-01-01,2,CHACO,140726,3.0,140729,Q2
2021-01-01,2,CHUBUT,138412,825.0,139237,Q2
2021-01-01,2,CÓRDOBA,930818,62.0,930880,Q2
2021-01-01,2,CORRIENTES,129498,3.0,129501,Q2
2021-01-01,2,ENTRE RÍOS,257617,15.0,257632,Q2
2021-01-01,2,FORMOSA,51551,0.0,51551,Q2
2021-01-01,2,JUJUY,111848,0.0,111848,Q2
2021-01-01,2,LA PAMPA,97551,116.0,97667,Q2
2021-01-01,2,LA RIOJA,81599,3.0,81602,Q2
2021-01-01,2,MENDOZA,229052,619.0,229671,Q2
2021-01-01,2,MISIONES,156176,0.0,156176,Q2
2021-01-01,2,NEUQUÉN,137877,373.0,138250,Q2
2021-01-01,2,RÍO NEGRO,143583,501.0,144084,Q2
2021-01-01,2,SALTA,191637,2.0,191639,Q2
2021-01-01,2,SAN JUAN,78677,256.0,78933,Q2
2021-01-01,2,SAN LUIS,122670,148.0,122818,Q2
2021-01-01,2,SANTA CRUZ,48785,197.0,48982,Q2
2021-01-01,2,SANTA FE,840449,151.0,840600,Q2
2021-01-01,2,SANTIAGO DEL ESTERO,114089,1.0,114090,Q2
2021-01-01,2,TIERRA DEL FUEGO,35404,289.0,35693,Q2
2021-01-01,2,TUCUMÁN,233026,25.0,233051,Q2
2021-01-01,1,BUENOS AIRES,4054936,5066.0,4060002,Q1
2021-01-01,1,BUENOS AIRES,1378283,1390.0,1379673,Q1
2021-01-01,1,CATAMARCA,51967,1.0,51968,Q1
2021-01-01,1,CHACO,139767,3.0,139770,Q1
2021-01-01,1,CHUBUT,131515,825.0,132340,Q1
2021-01-01,1,CÓRDOBA,910826,55.0,910881,Q1
2021-01-01,1,CORRIENTES,126622,3.0,126625,Q1
2021-01-01,1,ENTRE RÍOS,251950,13.0,251963,Q1
2021-01-01,1,FORMOSA,50686,0.0,50686,Q1
2021-01-01,1,JUJUY,110456,0.0,110456,Q1
2021-01-01,1,LA PAMPA,96989,116.0,97105,Q1
2021-01-01,1,LA RIOJA,52625,3.0,52628,Q1
2021-01-01,1,MENDOZA,218308,615.0,218923,Q1
2021-01-01,1,MISIONES,149387,0.0,149387,Q1
2021-01-01,1,NEUQUÉN,132862,373.0,133235,Q1
2021-01-01,1,RÍO NEGRO,140667,501.0,141168,Q1
2021-01-01,1,SALTA,187572,2.0,187574,Q1
2021-01-01,1,SAN JUAN,78011,256.0,78267,Q1
2021-01-01,1,SAN LUIS,119006,148.0,119154,Q1
2021-01-01,1,SANTA CRUZ,45868,197.0,46065,Q1
2021-01-01,1,SANTA FE,825990,137.0,826127,Q1
2021-01-01,1,SANTIAGO DEL ESTERO,111640,1.0,111641,Q1
2021-01-01,1,TIERRA DEL FUEGO,40133,289.0,40422,Q1
2021-01-01,1,TUCUMÁN,231890,22.0,231912,Q1
2020-01-01,4,BUENOS AIRES,4028195,5066.0,4033261,Q4
2020-01-01,4,BUENOS AIRES,1378140,1390.0,1379530,Q4
2020-01-01,4,CATAMARCA,52395,1.0,52396,Q4
2020-01-01,4,CHACO,139088,3.0,139091,Q4
2020-01-01,4,CHUBUT,129749,825.0,130574,Q4
2020-01-01,4,CÓRDOBA,902646,55.0,902701,Q4
2020-01-01,4,CORRIENTES,125656,3.0,125659,Q4
2020-01-01,4,ENTRE RÍOS,247368,13.0,247381,Q4
2020-01-01,4,FORMOSA,50206,0.0,50206,Q4
2020-01-01,4,JUJUY,105851,0.0,105851,Q4
2020-01-01,4,LA PAMPA,96779,116.0,96895,Q4
2020-01-01,4,LA RIOJA,52775,3.0,52778,Q4
2020-01-01,4,MENDOZA,214838,615.0,215453,Q4
2020-01-01,4,MISIONES,147161,0.0,147161,Q4
2020-01-01,4,NEUQUÉN,132762,373.0,133135,Q4
2020-01-01,4,RÍO NEGRO,140709,501.0,141210,Q4
2020-01-01,4,SALTA,187388,2.0,187390,Q4
2020-01-01,4,SAN JUAN,72340,256.0,72596,Q4
2020-01-01,4,SAN LUIS,119287,148.0,119435,Q4
2020-01-01,4,SANTA CRUZ,40477,197.0,40674,Q4
2020-01-01,4,SANTA FE,820676,137.0,820813,Q4
2020-01-01,4,SANTIAGO DEL ESTERO,106668,1.0,106669,Q4
2020-01-01,4,TIERRA DEL FUEGO,39325,289.0,39614,Q4
2020-01-01,4,TUCUMÁN,231067,22.0,231089,Q4
2020-01-01,3,BUENOS AIRES,3932211,5066.0,3937277,Q3
2020-01-01,3,BUENOS AIRES,1371285,1390.0,1372675,Q3
2020-01-01,3,CATAMARCA,49903,1.0,49904,Q3
2020-01-01,3,CHACO,133951,3.0,133954,Q3
2020-01-01,3,CHUBUT,129202,825.0,130027,Q3
2020-01-01,3,CÓRDOBA,867417,55.0,867472,Q3
2020-01-01,3,CORRIENTES,123388,3.0,123391,Q3
2020-01-01,3,ENTRE RÍOS,241482,13.0,241495,Q3
2020-01-01,3,FORMOSA,49209,0.0,49209,Q3
2020-01-01,3,JUJUY,106728,0.0,106728,Q3
2020-01-01,3,LA PAMPA,93619,116.0,93735,Q3
2020-01-01,3,LA RIOJA,52613,3.0,52616,Q3
2020-01-01,3,MENDOZA,207173,615.0,207788,Q3
2020-01-01,3,MISIONES,143186,0.0,143186,Q3
2020-01-01,3,NEUQUÉN,128862,373.0,129235,Q3
2020-01-01,3,RÍO NEGRO,130966,501.0,131467,Q3
2020-01-01,3,SALTA,180844,2.0,180846,Q3
2020-01-01,3,SAN JUAN,77071,256.0,77327,Q3
2020-01-01,3,SAN LUIS,116417,148.0,116565,Q3
2020-01-01,3,SANTA CRUZ,39084,197.0,39281,Q3
2020-01-01,3,SANTA FE,802861,137.0,802998,Q3
2020-01-01,3,SANTIAGO DEL ESTERO,105491,1.0,105492,Q3
2020-01-01,3,TIERRA DEL FUEGO,39366,289.0,39655,Q3
2020-01-01,3,TUCUMÁN,223854,22.0,223876,Q3
2020-01-01,2,BUENOS AIRES,3772480,5066.0,3777546,Q2
2020-01-01,2,BUENOS AIRES,1356431,1390.0,1357821,Q2
2020-01-01,2,CATAMARCA,47975,1.0,47976,Q2
2020-01-01,2,CHACO,128129,3.0,128132,Q2
2020-01-01,2,CHUBUT,107831,825.0,108656,Q2
2020-01-01,2,CÓRDOBA,836413,55.0,836468,Q2
2020-01-01,2,CORRIENTES,118863,3.0,118866,Q2
2020-01-01,2,ENTRE RÍOS,234100,13.0,234113,Q2
2020-01-01,2,FORMOSA,47932,0.0,47932,Q2
2020-01-01,2,JUJUY,94316,0.0,94316,Q2
2020-01-01,2,LA PAMPA,89693,116.0,89809,Q2
2020-01-01,2,LA RIOJA,52152,3.0,52155,Q2
2020-01-01,2,MENDOZA,200569,615.0,201184,Q2
2020-01-01,2,MISIONES,140340,0.0,140340,Q2
2020-01-01,2,NEUQUÉN,125799,373.0,126172,Q2
2020-01-01,2,RÍO NEGRO,128985,501.0,129486,Q2
2020-01-01,2,SALTA,177760,2.0,177762,Q2
2020-01-01,2,SAN JUAN,69521,256.0,69777,Q2
2020-01-01,2,SAN LUIS,113804,148.0,113952,Q2
2020-01-01,2,SANTA CRUZ,38672,197.0,38869,Q2
2020-01-01,2,SANTA FE,777795,137.0,777932,Q2
2020-01-01,2,SANTIAGO DEL ESTERO,105446,1.0,105447,Q2
2020-01-01,2,TIERRA DEL FUEGO,38900,289.0,39189,Q2
2020-01-01,2,TUCUMÁN,217134,22.0,217156,Q2
2020-01-01,1,BUENOS AIRES,3702985,5066.0,3708051,Q1
2020-01-01,1,BUENOS AIRES,1352104,1390.0,1353494,Q1
2020-01-01,1,CATAMARCA,39634,1.0,39635,Q1
2020-01-01,1,CHACO,120274,3.0,120277,Q1
2020-01-01,1,CHUBUT,95938,800.0,96738,Q1
2020-01-01,1,CÓRDOBA,811044,55.0,811099,Q1
2020-01-01,1,CORRIENTES,113967,3.0,113970,Q1
2020-01-01,1,ENTRE RÍOS,231833,13.0,231846,Q1
2020-01-01,1,FORMOSA,46434,0.0,46434,Q1
2020-01-01,1,JUJUY,91665,0.0,91665,Q1
2020-01-01,1,LA PAMPA,89110,116.0,89226,Q1
2020-01-01,1,LA RIOJA,48337,3.0,48340,Q1
2020-01-01,1,MENDOZA,182837,615.0,183452,Q1
2020-01-01,1,MISIONES,133552,0.0,133552,Q1
2020-01-01,1,NEUQUÉN,121354,373.0,121727,Q1
2020-01-01,1,RÍO NEGRO,125699,501.0,126200,Q1
2020-01-01,1,SALTA,170379,2.0,170381,Q1
2020-01-01,1,SAN JUAN,63975,256.0,64231,Q1
2020-01-01,1,SAN LUIS,110404,148.0,110552,Q1
2020-01-01,1,SANTA CRUZ,38625,197.0,38822,Q1
2020-01-01,1,SANTA FE,770981,137.0,771118,Q1
2020-01-01,1,SANTIAGO DEL ESTERO,102754,1.0,102755,Q1
2020-01-01,1,TIERRA DEL FUEGO,38505,289.0,38794,Q1
2020-01-01,1,TUCUMÁN,200045,22.0,200067,Q1
2019-01-01,4,BUENOS AIRES,3681120,5134.0,3686254,Q4
2019-01-01,4,BUENOS AIRES,1356695,1410.0,1358105,Q4
2019-01-01,4,CATAMARCA,38310,1.0,38311,Q4
2019-01-01,4,CHACO,117900,3.0,117903,Q4
2019-01-01,4,CHUBUT,95292,810.0,96102,Q4
2019-01-01,4,CÓRDOBA,806633,55.0,806688,Q4
2019-01-01,4,CORRIENTES,113831,3.0,113834,Q4
2019-01-01,4,ENTRE RÍOS,239017,13.0,239030,Q4
2019-01-01,4,FORMOSA,46711,0.0,46711,Q4
2019-01-01,4,JUJUY,88881,0.0,88881,Q4
2019-01-01,4,LA PAMPA,90280,119.0,90399,Q4
2019-01-01,4,LA RIOJA,48999,3.0,49002,Q4
2019-01-01,4,MENDOZA,185157,623.0,185780,Q4
2019-01-01,4,MISIONES,135813,0.0,135813,Q4
2019-01-01,4,NEUQUÉN,116069,376.0,116445,Q4
2019-01-01,4,RÍO NEGRO,126636,504.0,127140,Q4
2019-01-01,4,SALTA,172443,2.0,172445,Q4
2019-01-01,4,SAN JUAN,64715,259.0,64974,Q4
2019-01-01,4,SAN LUIS,108053,148.0,108201,Q4
2019-01-01,4,SANTA CRUZ,39170,200.0,39370,Q4
2019-01-01,4,SANTA FE,769019,150.0,769169,Q4
2019-01-01,4,SANTIAGO DEL ESTERO,103587,1.0,103588,Q4
2019-01-01,4,TIERRA DEL FUEGO,40101,291.0,40392,Q4
2019-01-01,4,TUCUMÁN,198621,23.0,198644,Q4
2019-01-01,3,BUENOS AIRES,3950114,10119.0,3960233,Q3
2019-01-01,3,BUENOS AIRES,1437734,3477.0,1441211,Q3
2019-01-01,3,CATAMARCA,32391,9.0,32400,Q3
2019-01-01,3,CHACO,114438,13.0,114451,Q3
2019-01-01,3,CHUBUT,87481,1524.0,89005,Q3
2019-01-01,3,CÓRDOBA,782946,107.0,783053,Q3
2019-01-01,3,CORRIENTES,112749,10.0,112759,Q3
2019-01-01,3,ENTRE RÍOS,238057,45.0,238102,Q3
2019-01-01,3,FORMOSA,46066,0.0,46066,Q3
2019-01-01,3,JUJUY,86575,1.0,86576,Q3
2019-01-01,3,LA PAMPA,90559,269.0,90828,Q3
2019-01-01,3,LA RIOJA,49659,18.0,49677,Q3
2019-01-01,3,MENDOZA,223015,1322.0,224337,Q3
2019-01-01,3,MISIONES,133883,0.0,133883,Q3
2019-01-01,3,NEUQUÉN,123435,1986.0,125421,Q3
2019-01-01,3,RÍO NEGRO,143391,904.0,144295,Q3
2019-01-01,3,SALTA,151834,1.0,151835,Q3
2019-01-01,3,SAN JUAN,72535,563.0,73098,Q3
2019-01-01,3,SAN LUIS,122409,291.0,122700,Q3
2019-01-01,3,SANTA CRUZ,37642,328.0,37970,Q3
2019-01-01,3,SANTA FE,760706,228.0,760934,Q3
2019-01-01,3,SANTIAGO DEL ESTERO,133130,2.0,133132,Q3
2019-01-01,3,TIERRA DEL FUEGO,48043,544.0,48587,Q3
2019-01-01,3,TUCUMÁN,164099,32.0,164131,Q3
2019-01-01,2,BUENOS AIRES,3845594,10104.0,3855698,Q2
2019-01-01,2,BUENOS AIRES,1412177,3443.0,1415620,Q2
2019-01-01,2,CATAMARCA,33626,9.0,33635,Q2
2019-01-01,2,CHACO,108721,13.0,108734,Q2
2019-01-01,2,CHUBUT,86038,1518.0,87556,Q2
2019-01-01,2,CÓRDOBA,775023,105.0,775128,Q2
2019-01-01,2,CORRIENTES,111539,10.0,111549,Q2
2019-01-01,2,ENTRE RÍOS,235780,44.0,235824,Q2
2019-01-01,2,FORMOSA,46438,0.0,46438,Q2
2019-01-01,2,JUJUY,86706,1.0,86707,Q2
2019-01-01,2,LA PAMPA,89937,268.0,90205,Q2
2019-01-01,2,LA RIOJA,50283,18.0,50301,Q2
2019-01-01,2,MENDOZA,222535,1322.0,223857,Q2
2019-01-01,2,MISIONES,132878,0.0,132878,Q2
2019-01-01,2,NEUQUÉN,120954,1999.0,122953,Q2
2019-01-01,2,RÍO NEGRO,137632,915.0,138547,Q2
2019-01-01,2,SALTA,142567,1.0,142568,Q2
2019-01-01,2,SAN JUAN,69461,564.0,70025,Q2
2019-01-01,2,SAN LUIS,117094,291.0,117385,Q2
2019-01-01,2,SANTA CRUZ,30225,325.0,30550,Q2
2019-01-01,2,SANTA FE,743258,226.0,743484,Q2
2019-01-01,2,SANTIAGO DEL ESTERO,126752,2.0,126754,Q2
2019-01-01,2,TIERRA DEL FUEGO,46910,544.0,47454,Q2
2019-01-01,2,TUCUMÁN,166299,32.0,166331,Q2
2019-01-01,1,BUENOS AIRES,3736563,10104.0,3746667,Q1
2019-01-01,1,BUENOS AIRES,1396157,3443.0,1399600,Q1
2019-01-01,1,CATAMARCA,33613,9.0,33622,Q1
2019-01-01,1,CHACO,103664,13.0,103677,Q1
2019-01-01,1,CHUBUT,78260,1518.0,79778,Q1
2019-01-01,1,CÓRDOBA,744010,105.0,744115,Q1
2019-01-01,1,CORRIENTES,102477,10.0,102487,Q1
2019-01-01,1,ENTRE RÍOS,232403,44.0,232447,Q1
2019-01-01,1,FORMOSA,45211,0.0,45211,Q1
2019-01-01,1,JUJUY,90146,1.0,90147,Q1
2019-01-01,1,LA PAMPA,88892,268.0,89160,Q1
2019-01-01,1,LA RIOJA,51638,18.0,51656,Q1
2019-01-01,1,MENDOZA,204976,1322.0,206298,Q1
2019-01-01,1,MISIONES,122720,0.0,122720,Q1
2019-01-01,1,NEUQUÉN,112321,2056.0,114377,Q1
2019-01-01,1,RÍO NEGRO,120173,915.0,121088,Q1
2019-01-01,1,SALTA,136019,1.0,136020,Q1
2019-01-01,1,SAN JUAN,61881,564.0,62445,Q1
2019-01-01,1,SAN LUIS,96044,291.0,96335,Q1
2019-01-01,1,SANTA CRUZ,24580,325.0,24905,Q1
2019-01-01,1,SANTA FE,736851,227.0,737078,Q1
2019-01-01,1,SANTIAGO DEL ESTERO,89851,2.0,89853,Q1
2019-01-01,1,TIERRA DEL FUEGO,45903,544.0,46447,Q1
2019-01-01,1,TUCUMÁN,171970,32.0,172002,Q1
2018-01-01,4,BUENOS AIRES,3626502,10104.0,3636606,Q4
2018-01-01,4,BUENOS AIRES,1385577,3443.0,1389020,Q4
2018-01-01,4,CATAMARCA,33574,9.0,33583,Q4
2018-01-01,4,CHACO,103257,13.0,103270,Q4
2018-01-01,4,CHUBUT,77204,1518.0,78722,Q4
2018-01-01,4,CÓRDOBA,737234,105.0,737339,Q4
2018-01-01,4,CORRIENTES,100591,10.0,100601,Q4
2018-01-01,4,ENTRE RÍOS,222003,44.0,222047,Q4
2018-01-01,4,FORMOSA,45204,0.0,45204,Q4
2018-01-01,4,JUJUY,90132,1.0,90133,Q4
2018-01-01,4,LA PAMPA,85368,268.0,85636,Q4
2018-01-01,4,LA RIOJA,51633,18.0,51651,Q4
2018-01-01,4,MENDOZA,204982,1322.0,206304,Q4
2018-01-01,4,MISIONES,116273,0.0,116273,Q4
2018-01-01,4,NEUQUÉN,112309,2056.0,114365,Q4
2018-01-01,4,RÍO NEGRO,115922,915.0,116837,Q4
2018-01-01,4,SALTA,134577,1.0,134578,Q4
2018-01-01,4,SAN JUAN,61834,564.0,62398,Q4
2018-01-01,4,SAN LUIS,96040,291.0,96331,Q4
2018-01-01,4,SANTA CRUZ,24443,325.0,24768,Q4
2018-01-01,4,SANTA FE,720161,229.0,720390,Q4
2018-01-01,4,SANTIAGO DEL ESTERO,89333,2.0,89335,Q4
2018-01-01,4,TIERRA DEL FUEGO,45716,544.0,46260,Q4
2018-01-01,4,TUCUMÁN,171972,32.0,172004,Q4
2018-01-01,3,BUENOS AIRES,3599714,10563.0,3610277,Q3
2018-01-01,3,BUENOS AIRES,1385804,6686.0,1392490,Q3
2018-01-01,3,CATAMARCA,34215,11.0,34226,Q3
2018-01-01,3,CHACO,102021,12.0,102033,Q3
2018-01-01,3,CHUBUT,101310,2426.0,103736,Q3
2018-01-01,3,CÓRDOBA,725764,94.0,725858,Q3
2018-01-01,3,CORRIENTES,99445,11.0,99456,Q3
2018-01-01,3,ENTRE RÍOS,204560,48.0,204608,Q3
2018-01-01,3,FORMOSA,44865,0.0,44865,Q3
2018-01-01,3,JUJUY,44934,1.0,44935,Q3
2018-01-01,3,LA PAMPA,83180,244.0,83424,Q3
2018-01-01,3,LA RIOJA,51855,17.0,51872,Q3
2018-01-01,3,MENDOZA,205545,1484.0,207029,Q3
2018-01-01,3,MISIONES,108042,0.0,108042,Q3
2018-01-01,3,NEUQUÉN,114713,2005.0,116718,Q3
2018-01-01,3,RÍO NEGRO,112433,1059.0,113492,Q3
2018-01-01,3,SALTA,132882,1.0,132883,Q3
2018-01-01,3,SAN JUAN,63823,658.0,64481,Q3
2018-01-01,3,SAN LUIS,74121,300.0,74421,Q3
2018-01-01,3,SANTA CRUZ,33565,434.0,33999,Q3
2018-01-01,3,SANTA FE,694883,217.0,695100,Q3
2018-01-01,3,SANTIAGO DEL ESTERO,86358,2.0,86360,Q3
2018-01-01,3,TIERRA DEL FUEGO,45056,508.0,45564,Q3
2018-01-01,3,TUCUMÁN,171135,31.0,171166,Q3
2018-01-01,2,BUENOS AIRES,3490134,10565.0,3500699,Q2
2018-01-01,2,BUENOS AIRES,1362498,6688.0,1369186,Q2
2018-01-01,2,CATAMARCA,34078,11.0,34089,Q2
2018-01-01,2,CHACO,98509,12.0,98521,Q2
2018-01-01,2,CHUBUT,98137,2427.0,100564,Q2
2018-01-01,2,CÓRDOBA,712979,94.0,713073,Q2
2018-01-01,2,CORRIENTES,97946,11.0,97957,Q2
2018-01-01,2,ENTRE RÍOS,199937,48.0,199985,Q2
2018-01-01,2,FORMOSA,44554,,44554,Q2
2018-01-01,2,JUJUY,45132,1.0,45133,Q2
2018-01-01,2,LA PAMPA,82177,244.0,82421,Q2
2018-01-01,2,LA RIOJA,51931,17.0,51948,Q2
2018-01-01,2,MENDOZA,199468,1484.0,200952,Q2
2018-01-01,2,MISIONES,106147,,106147,Q2
2018-01-01,2,NEUQUÉN,113842,2006.0,115848,Q2
2018-01-01,2,RÍO NEGRO,111176,1059.0,112235,Q2
2018-01-01,2,SALTA,134166,1.0,134167,Q2
2018-01-01,2,SAN JUAN,63443,658.0,64101,Q2
2018-01-01,2,SAN LUIS,21168,300.0,21468,Q2
2018-01-01,2,SANTA CRUZ,33970,435.0,34405,Q2
2018-01-01,2,SANTA FE,684243,309.0,684552,Q2
2018-01-01,2,SANTIAGO DEL ESTERO,83773,2.0,83775,Q2
2018-01-01,2,TIERRA DEL FUEGO,44199,508.0,44707,Q2
2018-01-01,2,TUCUMÁN,169926,31.0,169957,Q2
2018-01-01,1,BUENOS AIRES,3464882,10564.0,3475446,Q1
2018-01-01,1,BUENOS AIRES,1359882,6688.0,1366570,Q1
2018-01-01,1,CATAMARCA,33934,11.0,33945,Q1
2018-01-01,1,CHACO,96925,12.0,96937,Q1
2018-01-01,1,CHUBUT,95532,2427.0,97959,Q1
2018-01-01,1,CÓRDOBA,713825,101.0,713926,Q1
2018-01-01,1,CORRIENTES,94406,11.0,94417,Q1
2018-01-01,1,ENTRE RÍOS,197346,48.0,197394,Q1
2018-01-01,1,FORMOSA,32328,0.0,32328,Q1
2018-01-01,1,JUJUY,44405,1.0,44406,Q1
2018-01-01,1,LA PAMPA,82668,396.0,83064,Q1
2018-01-01,1,LA RIOJA,52228,17.0,52245,Q1
2018-01-01,1,MENDOZA,199463,1484.0,200947,Q1
2018-01-01,1,MISIONES,103580,0.0,103580,Q1
2018-01-01,1,NEUQUÉN,115897,2006.0,117903,Q1
2018-01-01,1,RÍO NEGRO,110057,1062.0,111119,Q1
2018-01-01,1,SALTA,133182,1.0,133183,Q1
2018-01-01,1,SAN JUAN,62610,658.0,63268,Q1
2018-01-01,1,SAN LUIS,21096,300.0,21396,Q1
2018-01-01,1,SANTA CRUZ,33970,435.0,34405,Q1
2018-01-01,1,SANTA FE,679717,309.0,680026,Q1
2018-01-01,1,SANTIAGO DEL ESTERO,82916,2.0,82918,Q1
2018-01-01,1,TIERRA DEL FUEGO,31106,508.0,31614,Q1
2018-01-01,1,TUCUMÁN,168026,31.0,168057,Q1
2017-01-01,4,BUENOS AIRES,3171206,10690.0,3181896,Q4
2017-01-01,4,BUENOS AIRES,1575418,6906.0,1582324,Q4
2017-01-01,4,CATAMARCA,29548,10.0,29558,Q4
2017-01-01,4,CHACO,96603,12.0,96615,Q4
2017-01-01,4,CHUBUT,91012,2428.0,93440,Q4
2017-01-01,4,CÓRDOBA,709874,105.0,709979,Q4
2017-01-01,4,CORRIENTES,93760,11.0,93771,Q4
2017-01-01,4,ENTRE RÍOS,193654,49.0,193703,Q4
2017-01-01,4,FORMOSA,32056,0.0,32056,Q4
2017-01-01,4,JUJUY,43551,1.0,43552,Q4
2017-01-01,4,LA PAMPA,81675,396.0,82071,Q4
2017-01-01,4,LA RIOJA,52177,17.0,52194,Q4
2017-01-01,4,MENDOZA,178661,1490.0,180151,Q4
2017-01-01,4,MISIONES,103895,0.0,103895,Q4
2017-01-01,4,NEUQUÉN,114965,2006.0,116971,Q4
2017-01-01,4,RÍO NEGRO,108702,1062.0,109764,Q4
2017-01-01,4,SALTA,132811,1.0,132812,Q4
2017-01-01,4,SAN JUAN,57965,659.0,58624,Q4
2017-01-01,4,SAN LUIS,14604,300.0,14904,Q4
2017-01-01,4,SANTA CRUZ,29018,434.0,29452,Q4
2017-01-01,4,SANTA FE,672137,323.0,672460,Q4
2017-01-01,4,SANTIAGO DEL ESTERO,68842,2.0,68844,Q4
2017-01-01,4,TIERRA DEL FUEGO,28346,508.0,28854,Q4
2017-01-01,4,TUCUMÁN,162298,34.0,162332,Q4
2017-01-01,3,BUENOS AIRES,3046758,11202.0,3057960,Q3
2017-01-01,3,BUENOS AIRES,1563289,7070.0,1570359,Q3
2017-01-01,3,CATAMARCA,33467,11.0,33478,Q3
2017-01-01,3,CHACO,93747,12.0,93759,Q3
2017-01-01,3,CHUBUT,81067,2477.0,83544,Q3
2017-01-01,3,CÓRDOBA,696536,108.0,696644,Q3
2017-01-01,3,CORRIENTES,92536,12.0,92548,Q3
2017-01-01,3,ENTRE RÍOS,185414,50.0,185464,Q3
2017-01-01,3,FORMOSA,32105,0.0,32105,Q3
2017-01-01,3,JUJUY,43241,1.0,43242,Q3
2017-01-01,3,LA PAMPA,79280,410.0,79690,Q3
2017-01-01,3,LA RIOJA,51896,17.0,51913,Q3
2017-01-01,3,MENDOZA,190958,1533.0,192491,Q3
2017-01-01,3,MISIONES,100476,0.0,100476,Q3
2017-01-01,3,NEUQUÉN,113755,2029.0,115784,Q3
2017-01-01,3,RÍO NEGRO,106393,1103.0,107496,Q3
2017-01-01,3,SALTA,132517,1.0,132518,Q3
2017-01-01,3,SAN JUAN,61789,660.0,62449,Q3
2017-01-01,3,SAN LUIS,21408,311.0,21719,Q3
2017-01-01,3,SANTA CRUZ,33222,468.0,33690,Q3
2017-01-01,3,SANTA FE,662086,256.0,662342,Q3
2017-01-01,3,SANTIAGO DEL ESTERO,82792,2.0,82794,Q3
2017-01-01,3,TIERRA DEL FUEGO,30883,583.0,31466,Q3
2017-01-01,3,TUCUMÁN,160979,33.0,161012,Q3
2017-01-01,2,BUENOS AIRES,3067430,11201.0,3078631,Q2
2017-01-01,2,BUENOS AIRES,1592175,8016.0,1600191,Q2
2017-01-01,2,CATAMARCA,26692,13.0,26705,Q2
2017-01-01,2,CHACO,90597,14.0,90611,Q2
2017-01-01,2,CHUBUT,62245,1730.0,63975,Q2
2017-01-01,2,CÓRDOBA,657505,133.0,657638,Q2
2017-01-01,2,CORRIENTES,90085,12.0,90097,Q2
2017-01-01,2,ENTRE RÍOS,182675,57.0,182732,Q2
2017-01-01,2,FORMOSA,29956,0.0,29956,Q2
2017-01-01,2,JUJUY,42656,1.0,42657,Q2
2017-01-01,2,LA PAMPA,72573,449.0,73022,Q2
2017-01-01,2,LA RIOJA,16271,18.0,16289,Q2
2017-01-01,2,MENDOZA,169302,1451.0,170753,Q2
2017-01-01,2,MISIONES,99794,0.0,99794,Q2
2017-01-01,2,NEUQUÉN,115321,2112.0,117433,Q2
2017-01-01,2,RÍO NEGRO,100621,998.0,101619,Q2
2017-01-01,2,SALTA,108540,1.0,108541,Q2
2017-01-01,2,SAN JUAN,51261,620.0,51881,Q2
2017-01-01,2,SAN LUIS,12992,315.0,13307,Q2
2017-01-01,2,SANTA CRUZ,26019,369.0,26388,Q2
2017-01-01,2,SANTA FE,566918,362.0,567280,Q2
2017-01-01,2,SANTIAGO DEL ESTERO,33194,2.0,33196,Q2
2017-01-01,2,TIERRA DEL FUEGO,31938,619.0,32557,Q2
2017-01-01,2,TUCUMÁN,154374,37.0,154411,Q2
2017-01-01,1,BUENOS AIRES,3178174,11202.0,3189376,Q1
2017-01-01,1,BUENOS AIRES,1391030,8016.0,1399046,Q1
2017-01-01,1,CATAMARCA,26304,13.0,26317,Q1
2017-01-01,1,CHACO,89036,14.0,89050,Q1
2017-01-01,1,CHUBUT,62166,1730.0,63896,Q1
2017-01-01,1,CÓRDOBA,641066,133.0,641199,Q1
2017-01-01,1,CORRIENTES,88596,12.0,88608,Q1
2017-01-01,1,ENTRE RÍOS,180296,57.0,180353,Q1
2017-01-01,1,FORMOSA,29705,0.0,29705,Q1
2017-01-01,1,JUJUY,43202,1.0,43203,Q1
2017-01-01,1,LA PAMPA,71458,455.0,71913,Q1
2017-01-01,1,LA RIOJA,16207,18.0,16225,Q1
2017-01-01,1,MENDOZA,169282,1451.0,170733,Q1
2017-01-01,1,MISIONES,97619,0.0,97619,Q1
2017-01-01,1,NEUQUÉN,113227,2112.0,115339,Q1
2017-01-01,1,RÍO NEGRO,100288,1000.0,101288,Q1
2017-01-01,1,SALTA,107632,1.0,107633,Q1
2017-01-01,1,SAN JUAN,51253,620.0,51873,Q1
2017-01-01,1,SAN LUIS,12992,315.0,13307,Q1
2017-01-01,1,SANTA CRUZ,26116,370.0,26486,Q1
2017-01-01,1,SANTA FE,562520,362.0,562882,Q1
2017-01-01,1,SANTIAGO DEL ESTERO,34473,2.0,34475,Q1
2017-01-01,1,TIERRA DEL FUEGO,31938,619.0,32557,Q1
2017-01-01,1,TUCUMÁN,152734,37.0,152771,Q1
2016-01-01,4,BUENOS AIRES,3131499,11202.0,3142701,Q4
2016-01-01,4,BUENOS AIRES,1393443,8016.0,1401459,Q4
2016-01-01,4,CATAMARCA,27021,13.0,27034,Q4
2016-01-01,4,CHACO,88833,14.0,88847,Q4
2016-01-01,4,CHUBUT,62035,1730.0,63765,Q4
2016-01-01,4,CÓRDOBA,636422,133.0,636555,Q4
2016-01-01,4,CORRIENTES,88084,12.0,88096,Q4
2016-01-01,4,ENTRE RÍOS,180188,57.0,180245,Q4
2016-01-01,4,FORMOSA,29513,0.0,29513,Q4
2016-01-01,4,JUJUY,42624,1.0,42625,Q4
2016-01-01,4,LA PAMPA,71368,460.0,71828,Q4
2016-01-01,4,LA RIOJA,16298,18.0,16316,Q4
2016-01-01,4,MENDOZA,169274,1451.0,170725,Q4
2016-01-01,4,MISIONES,97390,0.0,97390,Q4
2016-01-01,4,NEUQUÉN,111723,2112.0,113835,Q4
2016-01-01,4,RÍO NEGRO,100020,1000.0,101020,Q4
2016-01-01,4,SALTA,106934,1.0,106935,Q4
2016-01-01,4,SAN JUAN,51301,620.0,51921,Q4
2016-01-01,4,SAN LUIS,12992,315.0,13307,Q4
2016-01-01,4,SANTA CRUZ,26094,370.0,26464,Q4
2016-01-01,4,SANTA FE,561470,362.0,561832,Q4
2016-01-01,4,SANTIAGO DEL ESTERO,35049,2.0,35051,Q4
2016-01-01,4,TIERRA DEL FUEGO,31938,619.0,32557,Q4
2016-01-01,4,TUCUMÁN,151615,37.0,151652,Q4
2016-01-01,3,BUENOS AIRES,3075387,11205.0,3086592,Q3
2016-01-01,3,BUENOS AIRES,1395053,8051.0,1403104,Q3
2016-01-01,3,CATAMARCA,26957,13.0,26970,Q3
2016-01-01,3,CHACO,89216,14.0,89230,Q3
2016-01-01,3,CHUBUT,62222,1730.0,63952,Q3
2016-01-01,3,CÓRDOBA,642458,133.0,642591,Q3
2016-01-01,3,CORRIENTES,88328,12.0,88340,Q3
2016-01-01,3,ENTRE RÍOS,181092,57.0,181149,Q3
2016-01-01,3,FORMOSA,27716,0.0,27716,Q3
2016-01-01,3,JUJUY,42537,1.0,42538,Q3
2016-01-01,3,LA PAMPA,69903,461.0,70364,Q3
2016-01-01,3,LA RIOJA,16912,18.0,16930,Q3
2016-01-01,3,MENDOZA,169174,1450.0,170624,Q3
2016-01-01,3,MISIONES,97997,0.0,97997,Q3
2016-01-01,3,NEUQUÉN,110491,2112.0,112603,Q3
2016-01-01,3,RÍO NEGRO,100024,1002.0,101026,Q3
2016-01-01,3,SALTA,107790,1.0,107791,Q3
2016-01-01,3,SAN JUAN,51348,620.0,51968,Q3
2016-01-01,3,SAN LUIS,12978,315.0,13293,Q3
2016-01-01,3,SANTA CRUZ,25886,371.0,26257,Q3
2016-01-01,3,SANTA FE,566625,386.0,567011,Q3
2016-01-01,3,SANTIAGO DEL ESTERO,35658,2.0,35660,Q3
2016-01-01,3,TIERRA DEL FUEGO,31306,619.0,31925,Q3
2016-01-01,3,TUCUMÁN,151282,37.0,151319,Q3
2016-01-01,2,BUENOS AIRES,3032776,12515.0,3045291,Q2
2016-01-01,2,BUENOS AIRES,1384824,9760.0,1394584,Q2
2016-01-01,2,CATAMARCA,26543,13.0,26556,Q2
2016-01-01,2,CHACO,88235,16.0,88251,Q2
2016-01-01,2,CHUBUT,62116,1740.0,63856,Q2
2016-01-01,2,CÓRDOBA,634680,234.0,634914,Q2
2016-01-01,2,CORRIENTES,86932,24.0,86956,Q2
2016-01-01,2,ENTRE RÍOS,178194,179.0,178373,Q2
2016-01-01,2,FORMOSA,28801,1.0,28802,Q2
2016-01-01,2,JUJUY,41187,2.0,41189,Q2
2016-01-01,2,LA PAMPA,68403,485.0,68888,Q2
2016-01-01,2,LA RIOJA,16718,18.0,16736,Q2
2016-01-01,2,MENDOZA,169274,1550.0,170824,Q2
2016-01-01,2,MISIONES,95808,7.0,95815,Q2
2016-01-01,2,NEUQUÉN,108224,2291.0,110515,Q2
2016-01-01,2,RÍO NEGRO,99631,1073.0,100704,Q2
2016-01-01,2,SALTA,104929,3.0,104932,Q2
2016-01-01,2,SAN JUAN,51392,621.0,52013,Q2
2016-01-01,2,SAN LUIS,12939,317.0,13256,Q2
2016-01-01,2,SANTA CRUZ,25797,356.0,26153,Q2
2016-01-01,2,SANTA FE,563867,607.0,564474,Q2
2016-01-01,2,SANTIAGO DEL ESTERO,36958,3.0,36961,Q2
2016-01-01,2,TIERRA DEL FUEGO,30740,619.0,31359,Q2
2016-01-01,2,TUCUMÁN,148636,41.0,148677,Q2
2016-01-01,1,BUENOS AIRES,2929903,12612.0,2942515,Q1
2016-01-01,1,BUENOS AIRES,1328079,9817.0,1337896,Q1
2016-01-01,1,CATAMARCA,26376,13.0,26389,Q1
2016-01-01,1,CHACO,86635,16.0,86651,Q1
2016-01-01,1,CHUBUT,62060,1740.0,63800,Q1
2016-01-01,1,CÓRDOBA,609692,234.0,609926,Q1
2016-01-01,1,CORRIENTES,85510,26.0,85536,Q1
2016-01-01,1,ENTRE RÍOS,174634,179.0,174813,Q1
2016-01-01,1,FORMOSA,28313,1.0,28314,Q1
2016-01-01,1,JUJUY,40287,2.0,40289,Q1
2016-01-01,1,LA PAMPA,65442,487.0,65929,Q1
2016-01-01,1,LA RIOJA,16673,18.0,16691,Q1
2016-01-01,1,MENDOZA,169257,1553.0,170810,Q1
2016-01-01,1,MISIONES,92951,7.0,92958,Q1
2016-01-01,1,NEUQUÉN,101969,2292.0,104261,Q1
2016-01-01,1,RÍO NEGRO,98745,1077.0,99822,Q1
2016-01-01,1,SALTA,102423,3.0,102426,Q1
2016-01-01,1,SAN JUAN,51373,621.0,51994,Q1
2016-01-01,1,SAN LUIS,12915,317.0,13232,Q1
2016-01-01,1,SANTA CRUZ,25931,356.0,26287,Q1
2016-01-01,1,SANTA FE,551378,618.0,551996,Q1
2016-01-01,1,SANTIAGO DEL ESTERO,37695,3.0,37698,Q1
2016-01-01,1,TIERRA DEL FUEGO,29867,619.0,30486,Q1
2016-01-01,1,TUCUMÁN,146596,41.0,146637,Q1
2015-01-01,4,BUENOS AIRES,2946743,12642.0,2959385,Q4
2015-01-01,4,BUENOS AIRES,1360381,9845.0,1370226,Q4
2015-01-01,4,CATAMARCA,26459,13.0,26472,Q4
2015-01-01,4,CHACO,86537,16.0,86553,Q4
2015-01-01,4,CHUBUT,62279,1740.0,64019,Q4
2015-01-01,4,CÓRDOBA,625835,235.0,626070,Q4
2015-01-01,4,CORRIENTES,85409,26.0,85435,Q4
2015-01-01,4,ENTRE RÍOS,173957,180.0,174137,Q4
2015-01-01,4,FORMOSA,28088,1.0,28089,Q4
2015-01-01,4,JUJUY,39922,2.0,39924,Q4
2015-01-01,4,LA PAMPA,66054,312.0,66366,Q4
2015-01-01,4,LA RIOJA,16914,18.0,16932,Q4
2015-01-01,4,MENDOZA,169251,1556.0,170807,Q4
2015-01-01,4,MISIONES,92846,7.0,92853,Q4
2015-01-01,4,NEUQUÉN,105122,2294.0,107416,Q4
2015-01-01,4,RÍO NEGRO,98655,1067.0,99722,Q4
2015-01-01,4,SALTA,101917,3.0,101920,Q4
2015-01-01,4,SAN JUAN,51408,621.0,52029,Q4
2015-01-01,4,SAN LUIS,12901,317.0,13218,Q4
2015-01-01,4,SANTA CRUZ,26047,356.0,26403,Q4
2015-01-01,4,SANTA FE,561045,627.0,561672,Q4
2015-01-01,4,SANTIAGO DEL ESTERO,39132,3.0,39135,Q4
2015-01-01,4,TIERRA DEL FUEGO,29334,619.0,29953,Q4
2015-01-01,4,TUCUMÁN,146053,42.0,146095,Q4
2015-01-01,3,BUENOS AIRES,2916070,12695.0,2928765,Q3
2015-01-01,3,BUENOS AIRES,1362193,9875.0,1372068,Q3
2015-01-01,3,CATAMARCA,26080,13.0,26093,Q3
2015-01-01,3,CHACO,85354,16.0,85370,Q3
2015-01-01,3,CHUBUT,62143,1740.0,63883,Q3
2015-01-01,3,CÓRDOBA,622761,237.0,622998,Q3
2015-01-01,3,CORRIENTES,84931,28.0,84959,Q3
2015-01-01,3,ENTRE RÍOS,172252,182.0,172434,Q3
2015-01-01,3,FORMOSA,27751,1.0,27752,Q3
2015-01-01,3,JUJUY,39548,2.0,39550,Q3
2015-01-01,3,LA PAMPA,64976,495.0,65471,Q3
2015-01-01,3,LA RIOJA,16753,18.0,16771,Q3
2015-01-01,3,MENDOZA,169261,1562.0,170823,Q3
2015-01-01,3,MISIONES,91615,7.0,91622,Q3
2015-01-01,3,NEUQUÉN,98376,2240.0,100616,Q3
2015-01-01,3,RÍO NEGRO,98529,1085.0,99614,Q3
2015-01-01,3,SALTA,100570,3.0,100573,Q3
2015-01-01,3,SAN JUAN,51409,621.0,52030,Q3
2015-01-01,3,SAN LUIS,12902,317.0,13219,Q3
2015-01-01,3,SANTA CRUZ,25912,359.0,26271,Q3
2015-01-01,3,SANTA FE,556097,641.0,556738,Q3
2015-01-01,3,SANTIAGO DEL ESTERO,39394,3.0,39397,Q3
2015-01-01,3,TIERRA DEL FUEGO,33118,619.0,33737,Q3
2015-01-01,3,TUCUMÁN,144272,42.0,144314,Q3
2015-01-01,2,BUENOS AIRES,2871079,12711.0,2883790,Q2
2015-01-01,2,BUENOS AIRES,1336391,9893.0,1346284,Q2
2015-01-01,2,CATAMARCA,25666,13.0,25679,Q2
2015-01-01,2,CHACO,83832,16.0,83848,Q2
2015-01-01,2,CHUBUT,61745,1740.0,63485,Q2
2015-01-01,2,CÓRDOBA,609510,236.0,609746,Q2
2015-01-01,2,CORRIENTES,83288,28.0,83316,Q2
2015-01-01,2,ENTRE RÍOS,169309,183.0,169492,Q2
2015-01-01,2,FORMOSA,27013,37.0,27050,Q2
2015-01-01,2,JUJUY,37720,2.0,37722,Q2
2015-01-01,2,LA PAMPA,63552,500.0,64052,Q2
2015-01-01,2,LA RIOJA,16491,18.0,16509,Q2
2015-01-01,2,MENDOZA,169259,1564.0,170823,Q2
2015-01-01,2,MISIONES,88512,7.0,88519,Q2
2015-01-01,2,NEUQUÉN,95644,2241.0,97885,Q2
2015-01-01,2,RÍO NEGRO,97640,1087.0,98727,Q2
2015-01-01,2,SALTA,98264,3.0,98267,Q2
2015-01-01,2,SAN JUAN,51367,621.0,51988,Q2
2015-01-01,2,SAN LUIS,12904,317.0,13221,Q2
2015-01-01,2,SANTA CRUZ,25384,379.0,25763,Q2
2015-01-01,2,SANTA FE,545739,649.0,546388,Q2
2015-01-01,2,SANTIAGO DEL ESTERO,39375,3.0,39378,Q2
2015-01-01,2,TIERRA DEL FUEGO,32960,619.0,33579,Q2
2015-01-01,2,TUCUMÁN,140635,42.0,140677,Q2
2015-01-01,1,BUENOS AIRES,2847076,14766.0,2861842,Q1
2015-01-01,1,BUENOS AIRES,1321139,11582.0,1332721,Q1
2015-01-01,1,CATAMARCA,25312,20.0,25332,Q1
2015-01-01,1,CHACO,81329,31.0,81360,Q1
2015-01-01,1,CHUBUT,63327,1946.0,65273,Q1
2015-01-01,1,CÓRDOBA,596663,294.0,596957,Q1
2015-01-01,1,CORRIENTES,81488,43.0,81531,Q1
2015-01-01,1,ENTRE RÍOS,165839,231.0,166070,Q1
2015-01-01,1,FORMOSA,26657,43.0,26700,Q1
2015-01-01,1,JUJUY,36608,3.0,36611,Q1
2015-01-01,1,LA PAMPA,62155,542.0,62697,Q1
2015-01-01,1,LA RIOJA,16310,23.0,16333,Q1
2015-01-01,1,MENDOZA,168355,1805.0,170160,Q1
2015-01-01,1,MISIONES,85139,7.0,85146,Q1
2015-01-01,1,NEUQUÉN,93373,2369.0,95742,Q1
2015-01-01,1,RÍO NEGRO,96145,1188.0,97333,Q1
2015-01-01,1,SALTA,96793,18.0,96811,Q1
2015-01-01,1,SAN JUAN,51117,702.0,51819,Q1
2015-01-01,1,SAN LUIS,12878,354.0,13232,Q1
2015-01-01,1,SANTA CRUZ,26217,424.0,26641,Q1
2015-01-01,1,SANTA FE,535640,797.0,536437,Q1
2015-01-01,1,SANTIAGO DEL ESTERO,39244,8.0,39252,Q1
2015-01-01,1,TIERRA DEL FUEGO,32726,730.0,33456,Q1
2015-01-01,1,TUCUMÁN,138184,92.0,138276,Q1
2014-01-01,4,BUENOS AIRES,2801178,15229.0,2816407,Q4
2014-01-01,4,BUENOS AIRES,1318526,11994.0,1330520,Q4
2014-01-01,4,CATAMARCA,25472,21.0,25493,Q4
2014-01-01,4,CHACO,65998,37.0,66035,Q4
2014-01-01,4,CHUBUT,66557,1985.0,68542,Q4
2014-01-01,4,CÓRDOBA,590113,319.0,590432,Q4
2014-01-01,4,CORRIENTES,65656,54.0,65710,Q4
2014-01-01,4,ENTRE RÍOS,140567,246.0,140813,Q4
2014-01-01,4,FORMOSA,26156,51.0,26207,Q4
2014-01-01,4,JUJUY,35999,3.0,36002,Q4
2014-01-01,4,LA PAMPA,56813,567.0,57380,Q4
2014-01-01,4,LA RIOJA,16379,23.0,16402,Q4
2014-01-01,4,MENDOZA,167766,1848.0,169614,Q4
2014-01-01,4,MISIONES,77222,7.0,77229,Q4
2014-01-01,4,NEUQUÉN,92999,2397.0,95396,Q4
2014-01-01,4,RÍO NEGRO,95050,1210.0,96260,Q4
2014-01-01,4,SALTA,93921,26.0,93947,Q4
2014-01-01,4,SAN JUAN,51390,729.0,52119,Q4
2014-01-01,4,SAN LUIS,12788,359.0,13147,Q4
2014-01-01,4,SANTA CRUZ,25277,436.0,25713,Q4
2014-01-01,4,SANTA FE,528459,938.0,529397,Q4
2014-01-01,4,SANTIAGO DEL ESTERO,39308,9.0,39317,Q4
2014-01-01,4,TIERRA DEL FUEGO,28249,741.0,28990,Q4
2014-01-01,4,TUCUMÁN,137329,95.0,137424,Q4
2014-01-01,3,BUENOS AIRES,2835537,14028.0,2849565,Q3
2014-01-01,3,BUENOS AIRES,1307195,10630.0,1317825,Q3
2014-01-01,3,CATAMARCA,24665,21.0,24686,Q3
2014-01-01,3,CHACO,63710,36.0,63746,Q3
2014-01-01,3,CHUBUT,67130,2007.0,69137,Q3
2014-01-01,3,CÓRDOBA,585231,200.0,585431,Q3
2014-01-01,3,CORRIENTES,63516,33.0,63549,Q3
2014-01-01,3,ENTRE RÍOS,136618,115.0,136733,Q3
2014-01-01,3,FORMOSA,25873,64.0,25937,Q3
2014-01-01,3,JUJUY,33739,2.0,33741,Q3
2014-01-01,3,LA PAMPA,61861,564.0,62425,Q3
2014-01-01,3,LA RIOJA,15893,23.0,15916,Q3
2014-01-01,3,MENDOZA,166184,1740.0,167924,Q3
2014-01-01,3,MISIONES,75327,0.0,75327,Q3
2014-01-01,3,NEUQUÉN,100099,2268.0,102367,Q3
2014-01-01,3,RÍO NEGRO,96629,1151.0,97780,Q3
2014-01-01,3,SALTA,92929,25.0,92954,Q3
2014-01-01,3,SAN JUAN,51031,748.0,51779,Q3
2014-01-01,3,SAN LUIS,12683,363.0,13046,Q3
2014-01-01,3,SANTA CRUZ,25664,446.0,26110,Q3
2014-01-01,3,SANTA FE,520196,691.0,520887,Q3
2014-01-01,3,SANTIAGO DEL ESTERO,37539,9.0,37548,Q3
2014-01-01,3,TIERRA DEL FUEGO,28037,755.0,28792,Q3
2014-01-01,3,TUCUMÁN,131978,88.0,132066,Q3
2014-01-01,2,BUENOS AIRES,2750430,14116.0,2764546,Q2
2014-01-01,2,BUENOS AIRES,1299502,10713.0,1310215,Q2
2014-01-01,2,CATAMARCA,24660,23.0,24683,Q2
2014-01-01,2,CHACO,63243,36.0,63279,Q2
2014-01-01,2,CHUBUT,68503,2016.0,70519,Q2
2014-01-01,2,CÓRDOBA,576747,205.0,576952,Q2
2014-01-01,2,CORRIENTES,62925,33.0,62958,Q2
2014-01-01,2,ENTRE RÍOS,135468,115.0,135583,Q2
2014-01-01,2,FORMOSA,25535,65.0,25600,Q2
2014-01-01,2,JUJUY,34359,2.0,34361,Q2
2014-01-01,2,LA PAMPA,55048,580.0,55628,Q2
2014-01-01,2,LA RIOJA,15889,23.0,15912,Q2
2014-01-01,2,MENDOZA,165046,1761.0,166807,Q2
2014-01-01,2,MISIONES,74689,0.0,74689,Q2
2014-01-01,2,NEUQUÉN,90053,2235.0,92288,Q2
2014-01-01,2,RÍO NEGRO,94812,1145.0,95957,Q2
2014-01-01,2,SALTA,91949,25.0,91974,Q2
2014-01-01,2,SAN JUAN,50891,755.0,51646,Q2
2014-01-01,2,SAN LUIS,12691,364.0,13055,Q2
2014-01-01,2,SANTA CRUZ,26710,459.0,27169,Q2
2014-01-01,2,SANTA FE,511753,605.0,512358,Q2
2014-01-01,2,SANTIAGO DEL ESTERO,38002,9.0,38011,Q2
2014-01-01,2,TIERRA DEL FUEGO,27443,766.0,28209,Q2
2014-01-01,2,TUCUMÁN,131981,88.0,132069,Q2
2014-01-01,1,BUENOS AIRES,2725732,14144.0,2739876,Q1
2014-01-01,1,BUENOS AIRES,1289204,10714.0,1299918,Q1
2014-01-01,1,CATAMARCA,24209,23.0,24232,Q1
2014-01-01,1,CHACO,62520,36.0,62556,Q1
2014-01-01,1,CHUBUT,68205,2016.0,70221,Q1
2014-01-01,1,CÓRDOBA,566705,205.0,566910,Q1
2014-01-01,1,CORRIENTES,62203,33.0,62236,Q1
2014-01-01,1,ENTRE RÍOS,134216,115.0,134331,Q1
2014-01-01,1,FORMOSA,25335,87.0,25422,Q1
2014-01-01,1,JUJUY,33825,2.0,33827,Q1
2014-01-01,1,LA PAMPA,53601,592.0,54193,Q1
2014-01-01,1,LA RIOJA,15688,23.0,15711,Q1
2014-01-01,1,MENDOZA,164084,1761.0,165845,Q1
2014-01-01,1,MISIONES,73950,0.0,73950,Q1
2014-01-01,1,NEUQUÉN,88077,2303.0,90380,Q1
2014-01-01,1,RÍO NEGRO,93909,1157.0,95066,Q1
2014-01-01,1,SALTA,91265,25.0,91290,Q1
2014-01-01,1,SAN JUAN,50543,755.0,51298,Q1
2014-01-01,1,SAN LUIS,12193,364.0,12557,Q1
2014-01-01,1,SANTA CRUZ,26304,460.0,26764,Q1
2014-01-01,1,SANTA FE,506000,612.0,506612,Q1
2014-01-01,1,SANTIAGO DEL ESTERO,37124,9.0,37133,Q1
2014-01-01,1,TIERRA DEL FUEGO,27272,766.0,28038,Q1
2014-01-01,1,TUCUMÁN,129944,88.0,130032,Q1
2024-01-01,1,BUENOS AIRES,5038657,5900.0,5044557,Q1
2024-01-01,1,BUENOS AIRES,1502661,2050.0,1504711,Q1
2024-01-01,1,CATAMARCA,74932,1.0,74933,Q1
2024-01-01,1,CHACO,155538,5.0,155543,Q1
2024-01-01,1,CHUBUT,169819,857.0,170676,Q1
2024-01-01,1,CÓRDOBA,1082136,63.0,1082199,Q1
2024-01-01,1,CORRIENTES,157891,3.0,157894,Q1
2024-01-01,1,ENTRE RÍOS,296532,20.0,296552,Q1
2024-01-01,1,FORMOSA,62718,0.0,62718,Q1
2024-01-01,1,JUJUY,118053,0.0,118053,Q1
2024-01-01,1,LA PAMPA,122033,162.0,122195,Q1
2024-01-01,1,LA RIOJA,87778,4.0,87782,Q1
2024-01-01,1,MENDOZA,301867,730.0,302597,Q1
2024-01-01,1,MISIONES,202556,0.0,202556,Q1
2024-01-01,1,NEUQUÉN,163807,439.0,164246,Q1
2024-01-01,1,RÍO NEGRO,170504,515.0,171019,Q1
2024-01-01,1,SALTA,202856,5.0,202861,Q1
2024-01-01,1,SAN JUAN,106419,247.0,106666,Q1
2024-01-01,1,SAN LUIS,155925,165.0,156090,Q1
2024-01-01,1,SANTA CRUZ,80021,187.0,80208,Q1
2024-01-01,1,SANTA FE,918482,106.0,918588,Q1
2024-01-01,1,SANTIAGO DEL ESTERO,124360,2.0,124362,Q1
2024-01-01,1,TIERRA DEL FUEGO,61250,305.0,61555,Q1
2024-01-01,1,TUCUMÁN,264568,27.0,264595,Q1
2023-01-01,4,BUENOS AIRES,5005720,5900.0,5011620,Q4
2023-01-01,4,BUENOS AIRES,1472317,2050.0,1474367,Q4
2023-01-01,4,CATAMARCA,74586,1.0,74587,Q4
2023-01-01,4,CHACO,147381,5.0,147386,Q4
2023-01-01,4,CHUBUT,169313,857.0,170170,Q4
2023-01-01,4,CÓRDOBA,1079239,63.0,1079302,Q4
2023-01-01,4,CORRIENTES,159469,3.0,159472,Q4
2023-01-01,4,ENTRE RÍOS,298617,20.0,298637,Q4
2023-01-01,4,FORMOSA,62002,0.0,62002,Q4
2023-01-01,4,JUJUY,118020,0.0,118020,Q4
2023-01-01,4,LA PAMPA,121164,162.0,121326,Q4
2023-01-01,4,LA RIOJA,87717,4.0,87721,Q4
2023-01-01,4,MENDOZA,298621,730.0,299351,Q4
2023-01-01,4,MISIONES,200333,0.0,200333,Q4
2023-01-01,4,NEUQUÉN,164188,439.0,164627,Q4
2023-01-01,4,RÍO NEGRO,167902,515.0,168417,Q4
2023-01-01,4,SALTA,204727,5.0,204732,Q4
2023-01-01,4,SAN JUAN,102963,247.0,103210,Q4
2023-01-01,4,SAN LUIS,154520,165.0,154685,Q4
2023-01-01,4,SANTA CRUZ,86844,187.0,87031,Q4
2023-01-01,4,SANTA FE,909395,106.0,909501,Q4
2023-01-01,4,SANTIAGO DEL ESTERO,123228,2.0,123230,Q4
2023-01-01,4,TIERRA DEL FUEGO,61294,305.0,61599,Q4
2023-01-01,4,TUCUMÁN,266308,27.0,266335,Q4
2023-01-01,3,BUENOS AIRES,4962337,5900.0,4968237,Q3
2023-01-01,3,BUENOS AIRES,1465934,2050.0,1467984,Q3
2023-01-01,3,CATAMARCA,74354,1.0,74355,Q3
2023-01-01,3,CHACO,142141,5.0,142146,Q3
2023-01-01,3,CHUBUT,167211,857.0,168068,Q3
2023-01-01,3,CÓRDOBA,1069271,63.0,1069334,Q3
2023-01-01,3,CORRIENTES,159826,3.0,159829,Q3
2023-01-01,3,ENTRE RÍOS,293273,20.0,293293,Q3
2023-01-01,3,FORMOSA,61314,0.0,61314,Q3
2023-01-01,3,JUJUY,117377,0.0,117377,Q3
2023-01-01,3,LA PAMPA,119759,162.0,119921,Q3
2023-01-01,3,LA RIOJA,87697,4.0,87701,Q3
2023-01-01,3,MENDOZA,297292,730.0,298022,Q3
2023-01-01,3,MISIONES,197135,0.0,197135,Q3
2023-01-01,3,NEUQUÉN,163834,439.0,164273,Q3
2023-01-01,3,RÍO NEGRO,162970,515.0,163485,Q3
2023-01-01,3,SALTA,206228,5.0,206233,Q3
2023-01-01,3,SAN JUAN,103483,247.0,103730,Q3
2023-01-01,3,SAN LUIS,148751,165.0,148916,Q3
2023-01-01,3,SANTA CRUZ,47800,187.0,47987,Q3
2023-01-01,3,SANTA FE,900246,106.0,900352,Q3
2023-01-01,3,SANTIAGO DEL ESTERO,121926,2.0,121928,Q3
2023-01-01,3,TIERRA DEL FUEGO,58426,305.0,58731,Q3
2023-01-01,3,TUCUMÁN,266530,27.0,266557,Q3
2023-01-01,2,BUENOS AIRES,4879442,6046.0,4885488,Q2
2023-01-01,2,BUENOS AIRES,1455578,2100.0,1457678,Q2
2023-01-01,2,CATAMARCA,72989,1.0,72990,Q2
2023-01-01,2,CHACO,141850,5.0,141855,Q2
2023-01-01,2,CHUBUT,163078,883.0,163961,Q2
2023-01-01,2,CÓRDOBA,1067686,65.0,1067751,Q2
2023-01-01,2,CORRIENTES,158290,4.0,158294,Q2
2023-01-01,2,ENTRE RÍOS,273927,20.0,273947,Q2
2023-01-01,2,FORMOSA,60350,0.0,60350,Q2
2023-01-01,2,JUJUY,117442,0.0,117442,Q2
2023-01-01,2,LA PAMPA,118744,166.0,118910,Q2
2023-01-01,2,LA RIOJA,86968,4.0,86972,Q2
2023-01-01,2,MENDOZA,296921,755.0,297676,Q2
2023-01-01,2,MISIONES,195471,0.0,195471,Q2
2023-01-01,2,NEUQUÉN,161289,457.0,161746,Q2
2023-01-01,2,RÍO NEGRO,162848,531.0,163379,Q2
2023-01-01,2,SALTA,205323,5.0,205328,Q2
2023-01-01,2,SAN JUAN,97189,260.0,97449,Q2
2023-01-01,2,SAN LUIS,140575,173.0,140748,Q2
2023-01-01,2,SANTA CRUZ,48410,192.0,48602,Q2
2023-01-01,2,SANTA FE,895706,108.0,895814,Q2
2023-01-01,2,SANTIAGO DEL ESTERO,117807,2.0,117809,Q2
2023-01-01,2,TIERRA DEL FUEGO,58325,310.0,58635,Q2
2023-01-01,2,TUCUMÁN,263573,29.0,263602,Q2
2023-01-01,1,BUENOS AIRES,4814729,6199.0,4820928,Q1
2023-01-01,1,BUENOS AIRES,1546584,2145.0,1548729,Q1
2023-01-01,1,CATAMARCA,71491,1.0,71492,Q1
2023-01-01,1,CHACO,142437,5.0,142442,Q1
2023-01-01,1,CHUBUT,169149,904.0,170053,Q1
2023-01-01,1,CÓRDOBA,1049904,68.0,1049972,Q1
2023-01-01,1,CORRIENTES,157016,4.0,157020,Q1
2023-01-01,1,ENTRE RÍOS,274856,22.0,274878,Q1
2023-01-01,1,FORMOSA,60985,0.0,60985,Q1
2023-01-01,1,JUJUY,117981,0.0,117981,Q1
2023-01-01,1,LA PAMPA,116333,171.0,116504,Q1
2023-01-01,1,LA RIOJA,86401,4.0,86405,Q1
2023-01-01,1,MENDOZA,292242,777.0,293019,Q1
2023-01-01,1,MISIONES,190685,0.0,190685,Q1
2023-01-01,1,NEUQUÉN,159944,468.0,160412,Q1
2023-01-01,1,RÍO NEGRO,163783,548.0,164331,Q1
2023-01-01,1,SALTA,205421,5.0,205426,Q1
2023-01-01,1,SAN JUAN,101486,281.0,101767,Q1
2023-01-01,1,SAN LUIS,135281,182.0,135463,Q1
2023-01-01,1,SANTA CRUZ,50163,198.0,50361,Q1
2023-01-01,1,SANTA FE,886164,110.0,886274,Q1
2023-01-01,1,SANTIAGO DEL ESTERO,118553,2.0,118555,Q1
2023-01-01,1,TIERRA DEL FUEGO,56801,312.0,57113,Q1
2023-01-01,1,TUCUMÁN,261070,30.0,261100,Q1
2022-01-01,4,BUENOS AIRES,4788466,6199.0,4794665,Q4
2022-01-01,4,BUENOS AIRES,1549781,2145.0,1551926,Q4
2022-01-01,4,CATAMARCA,70908,1.0,70909,Q4
2022-01-01,4,CHACO,143658,5.0,143663,Q4
2022-01-01,4,CHUBUT,167855,904.0,168759,Q4
2022-01-01,4,CÓRDOBA,1049592,68.0,1049660,Q4
2022-01-01,4,CORRIENTES,155449,4.0,155453,Q4
2022-01-01,4,ENTRE RÍOS,270952,22.0,270974,Q4
2022-01-01,4,FORMOSA,61840,0.0,61840,Q4
2022-01-01,4,JUJUY,118218,0.0,118218,Q4
2022-01-01,4,LA PAMPA,113993,171.0,114164,Q4
2022-01-01,4,LA RIOJA,86258,4.0,86262,Q4
2022-01-01,4,MENDOZA,291327,777.0,292104,Q4
2022-01-01,4,MISIONES,186269,0.0,186269,Q4
2022-01-01,4,NEUQUÉN,159712,468.0,160180,Q4
2022-01-01,4,RÍO NEGRO,161544,548.0,162092,Q4
2022-01-01,4,SALTA,205855,5.0,205860,Q4
2022-01-01,4,SAN JUAN,103545,281.0,103826,Q4
2022-01-01,4,SAN LUIS,135028,192.0,135220,Q4
2022-01-01,4,SANTA CRUZ,50005,198.0,50203,Q4
2022-01-01,4,SANTA FE,887581,110.0,887691,Q4
2022-01-01,4,SANTIAGO DEL ESTERO,119492,2.0,119494,Q4
2022-01-01,4,TIERRA DEL FUEGO,54948,312.0,55260,Q4
2022-01-01,4,TUCUMÁN,263392,30.0,263422,Q4
2022-01-01,3,BUENOS AIRES,4715469,6199.0,4721668,Q3
2022-01-01,3,BUENOS AIRES,1545534,2145.0,1547679,Q3
2022-01-01,3,CATAMARCA,70292,1.0,70293,Q3
2022-01-01,3,CHACO,144141,5.0,144146,Q3
2022-01-01,3,CHUBUT,164874,904.0,165778,Q3
2022-01-01,3,CÓRDOBA,1038600,68.0,1038668,Q3
2022-01-01,3,CORRIENTES,144842,4.0,144846,Q3
2022-01-01,3,ENTRE RÍOS,268937,22.0,268959,Q3
2022-01-01,3,FORMOSA,68537,1.0,68538,Q3
2022-01-01,3,JUJUY,118823,0.0,118823,Q3
2022-01-01,3,LA PAMPA,115921,171.0,116092,Q3
2022-01-01,3,LA RIOJA,86860,4.0,86864,Q3
2022-01-01,3,MENDOZA,288746,777.0,289523,Q3
2022-01-01,3,MISIONES,182157,0.0,182157,Q3
2022-01-01,3,NEUQUÉN,162693,468.0,163161,Q3
2022-01-01,3,RÍO NEGRO,160010,548.0,160558,Q3
2022-01-01,3,SALTA,204536,5.0,204541,Q3
2022-01-01,3,SAN JUAN,103118,281.0,103399,Q3
2022-01-01,3,SAN LUIS,121888,182.0,122070,Q3
2022-01-01,3,SANTA CRUZ,49312,198.0,49510,Q3
2022-01-01,3,SANTA FE,887700,110.0,887810,Q3
2022-01-01,3,SANTIAGO DEL ESTERO,119030,2.0,119032,Q3
2022-01-01,3,TIERRA DEL FUEGO,53584,312.0,53896,Q3
2022-01-01,3,TUCUMÁN,263087,30.0,263117,Q3
2022-01-01,2,BUENOS AIRES,4660984,6199.0,4667183,Q2
2022-01-01,2,BUENOS AIRES,1534626,2145.0,1536771,Q2
2022-01-01,2,CATAMARCA,67007,1.0,67008,Q2
2022-01-01,2,CHACO,143559,5.0,143564,Q2
2022-01-01,2,CHUBUT,161901,904.0,162805,Q2
2022-01-01,2,CÓRDOBA,1026367,68.0,1026435,Q2
2022-01-01,2,CORRIENTES,144993,4.0,144997,Q2
2022-01-01,2,ENTRE RÍOS,269330,22.0,269352,Q2
2022-01-01,2,FORMOSA,67881,0.0,67881,Q2
2022-01-01,2,JUJUY,115314,0.0,115314,Q2
2022-01-01,2,LA PAMPA,111356,171.0,111527,Q2
2022-01-01,2,LA RIOJA,86026,4.0,86030,Q2
2022-01-01,2,MENDOZA,278785,777.0,279562,Q2
2022-01-01,2,MISIONES,178813,0.0,178813,Q2
2022-01-01,2,NEUQUÉN,161500,468.0,161968,Q2
2022-01-01,2,RÍO NEGRO,159216,548.0,159764,Q2
2022-01-01,2,SALTA,203172,5.0,203177,Q2
2022-01-01,2,SAN JUAN,100126,281.0,100407,Q2
2022-01-01,2,SAN LUIS,121559,182.0,121741,Q2
2022-01-01,2,SANTA CRUZ,48987,198.0,49185,Q2
2022-01-01,2,SANTA FE,878749,110.0,878859,Q2
2022-01-01,2,SANTIAGO DEL ESTERO,118042,2.0,118044,Q2
2022-01-01,2,TIERRA DEL FUEGO,53458,312.0,53770,Q2
2022-01-01,2,TUCUMÁN,254497,30.0,254527,Q2
2022-01-01,1,BUENOS AIRES,4549131,6293.0,4555424,Q1
2022-01-01,1,BUENOS AIRES,1415378,2163.0,1417541,Q1
2022-01-01,1,CATAMARCA,62377,1.0,62378,Q1
2022-01-01,1,CHACO,144114,5.0,144119,Q1
2022-01-01,1,CHUBUT,170701,927.0,171628,Q1
2022-01-01,1,CÓRDOBA,1003729,74.0,1003803,Q1
2022-01-01,1,CORRIENTES,142574,4.0,142578,Q1
2022-01-01,1,ENTRE RÍOS,267904,22.0,267926,Q1
2022-01-01,1,FORMOSA,54548,0.0,54548,Q1
2022-01-01,1,JUJUY,116509,0.0,116509,Q1
2022-01-01,1,LA PAMPA,109560,172.0,109732,Q1
2022-01-01,1,LA RIOJA,84299,4.0,84303,Q1
2022-01-01,1,MENDOZA,274399,786.0,275185,Q1
2022-01-01,1,MISIONES,171508,0.0,171508,Q1
2022-01-01,1,NEUQUÉN,149208,471.0,149679,Q1
2022-01-01,1,RÍO NEGRO,156821,553.0,157374,Q1
2022-01-01,1,SALTA,197510,5.0,197515,Q1
2022-01-01,1,SAN JUAN,87888,290.0,88178,Q1
2022-01-01,1,SAN LUIS,119659,185.0,119844,Q1
2022-01-01,1,SANTA CRUZ,48898,204.0,49102,Q1
2022-01-01,1,SANTA FE,870364,115.0,870479,Q1
2022-01-01,1,SANTIAGO DEL ESTERO,116459,2.0,116461,Q1
2022-01-01,1,TIERRA DEL FUEGO,52298,313.0,52611,Q1
2022-01-01,1,TUCUMÁN,245554,30.0,245584,Q1
2021-01-01,4,BUENOS AIRES,4502772,6385.0,4509157,Q4
2021-01-01,4,BUENOS AIRES,1409935,2184.0,1412119,Q4
2021-01-01,4,CATAMARCA,59089,1.0,59090,Q4
2021-01-01,4,CHACO,143740,5.0,143745,Q4
2021-01-01,4,CHUBUT,159364,944.0,160308,Q4
2021-01-01,4,CÓRDOBA,986693,77.0,986770,Q4
2021-01-01,4,CORRIENTES,135908,4.0,135912,Q4
2021-01-01,4,ENTRE RÍOS,265024,22.0,265046,Q4
2021-01-01,4,FORMOSA,53663,0.0,53663,Q4
2021-01-01,4,JUJUY,113915,0.0,113915,Q4
2021-01-01,4,LA PAMPA,106834,173.0,107007,Q4
2021-01-01,4,LA RIOJA,83124,4.0,83128,Q4
2021-01-01,4,MENDOZA,266783,804.0,267587,Q4
2021-01-01,4,MISIONES,171132,0.0,171132,Q4
2021-01-01,4,NEUQUÉN,146989,477.0,147466,Q4
2021-01-01,4,RÍO NEGRO,153189,564.0,153753,Q4
2021-01-01,4,SALTA,199399,6.0,199405,Q4
2021-01-01,4,SAN JUAN,79667,291.0,79958,Q4
2021-01-01,4,SAN LUIS,118662,187.0,118849,Q4
2021-01-01,4,SANTA CRUZ,48276,210.0,48486,Q4
2021-01-01,4,SANTA FE,866265,176.0,866441,Q4
2021-01-01,4,SANTIAGO DEL ESTERO,115859,2.0,115861,Q4
2021-01-01,4,TIERRA DEL FUEGO,52042,315.0,52357,Q4
2021-01-01,4,TUCUMÁN,238609,30.0,238639,Q4
2021-01-01,3,BUENOS AIRES,4246425,5184.0,4251609,Q3
2021-01-01,3,BUENOS AIRES,1411797,1608.0,1413405,Q3
2021-01-01,3,CATAMARCA,56253,1.0,56254,Q3
2021-01-01,3,CHACO,139868,3.0,139871,Q3
2021-01-01,3,CHUBUT,155266,800.0,156066,Q3
2021-01-01,3,CÓRDOBA,946726,62.0,946788,Q3
2021-01-01,3,CORRIENTES,133816,3.0,133819,Q3
2021-01-01,3,ENTRE RÍOS,260360,15.0,260375,Q3
2021-01-01,3,FORMOSA,52795,0.0,52795,Q3
2021-01-01,3,JUJUY,111158,0.0,111158,Q3
2021-01-01,3,LA PAMPA,100371,116.0,100487,Q3
2021-01-01,3,LA RIOJA,82157,3.0,82160,Q3
2021-01-01,3,MENDOZA,255320,619.0,255939,Q3
2021-01-01,3,MISIONES,158528,0.0,158528,Q3
2021-01-01,3,NEUQUÉN,139436,373.0,139809,Q3
2021-01-01,3,RÍO NEGRO,144084,501.0,144585,Q3
2021-01-01,3,SALTA,195831,2.0,195833,Q3
2021-01-01,3,SAN JUAN,79227,256.0,79483,Q3
2021-01-01,3,SAN LUIS,117716,148.0,117864,Q3
2021-01-01,3,SANTA CRUZ,48779,197.0,48976,Q3
2021-01-01,3,SANTA FE,841433,151.0,841584,Q3
2021-01-01,3,SANTIAGO DEL ESTERO,115457,1.0,115458,Q3
2021-01-01,3,TIERRA DEL FUEGO,49934,289.0,50223,Q3
2021-01-01,3,TUCUMÁN,232447,25.0,232472,Q3
2021-01-01,2,BUENOS AIRES,4127167,5184.0,4132351,Q2
2021-01-01,2,BUENOS AIRES,1398747,1608.0,1400355,Q2
2021-01-01,2,CATAMARCA,55743,1.0,55744,Q2
2021-01-01,2,CHACO,140726,3.0,140729,Q2
2021-01-01,2,CHUBUT,138412,825.0,139237,Q2
2021-01-01,2,CÓRDOBA,930818,62.0,930880,Q2
2021-01-01,2,CORRIENTES,129498,3.0,129501,Q2
2021-01-01,2,ENTRE RÍOS,257617,15.0,257632,Q2
2021-01-01,2,FORMOSA,51551,0.0,51551,Q2
2021-01-01,2,JUJUY,111848,0.0,111848,Q2
2021-01-01,2,LA PAMPA,97551,116.0,97667,Q2
2021-01-01,2,LA RIOJA,81599,3.0,81602,Q2
2021-01-01,2,MENDOZA,229052,619.0,229671,Q2
2021-01-01,2,MISIONES,156176,0.0,156176,Q2
2021-01-01,2,NEUQUÉN,137877,373.0,138250,Q2
2021-01-01,2,RÍO NEGRO,143583,501.0,144084,Q2
2021-01-01,2,SALTA,191637,2.0,191639,Q2
2021-01-01,2,SAN JUAN,78677,256.0,78933,Q2
2021-01-01,2,SAN LUIS,122670,148.0,122818,Q2
2021-01-01,2,SANTA CRUZ,48785,197.0,48982,Q2
2021-01-01,2,SANTA FE,840449,151.0,840600,Q2
2021-01-01,2,SANTIAGO DEL ESTERO,114089,1.0,114090,Q2
2021-01-01,2,TIERRA DEL FUEGO,35404,289.0,35693,Q2
2021-01-01,2,TUCUMÁN,233026,25.0,233051,Q2
2021-01-01,1,BUENOS AIRES,4054936,5066.0,4060002,Q1
2021-01-01,1,BUENOS AIRES,1378283,1390.0,1379673,Q1
2021-01-01,1,CATAMARCA,51967,1.0,51968,Q1
2021-01-01,1,CHACO,139767,3.0,139770,Q1
2021-01-01,1,CHUBUT,131515,825.0,132340,Q1
2021-01-01,1,CÓRDOBA,910826,55.0,910881,Q1
2021-01-01,1,CORRIENTES,126622,3.0,126625,Q1
2021-01-01,1,ENTRE RÍOS,251950,13.0,251963,Q1
2021-01-01,1,FORMOSA,50686,0.0,50686,Q1
2021-01-01,1,JUJUY,110456,0.0,110456,Q1
2021-01-01,1,LA PAMPA,96989,116.0,97105,Q1
2021-01-01,1,LA RIOJA,52625,3.0,52628,Q1
2021-01-01,1,MENDOZA,218308,615.0,218923,Q1
2021-01-01,1,MISIONES,149387,0.0,149387,Q1
2021-01-01,1,NEUQUÉN,132862,373.0,133235,Q1
2021-01-01,1,RÍO NEGRO,140667,501.0,141168,Q1
2021-01-01,1,SALTA,187572,2.0,187574,Q1
2021-01-01,1,SAN JUAN,78011,256.0,78267,Q1
2021-01-01,1,SAN LUIS,119006,148.0,119154,Q1
2021-01-01,1,SANTA CRUZ,45868,197.0,46065,Q1
2021-01-01,1,SANTA FE,825990,137.0,826127,Q1
2021-01-01,1,SANTIAGO DEL ESTERO,111640,1.0,111641,Q1
2021-01-01,1,TIERRA DEL FUEGO,40133,289.0,40422,Q1
2021-01-01,1,TUCUMÁN,231890,22.0,231912,Q1
2020-01-01,4,BUENOS AIRES,4028195,5066.0,4033261,Q4
2020-01-01,4,BUENOS AIRES,1378140,1390.0,1379530,Q4
2020-01-01,4,CATAMARCA,52395,1.0,52396,Q4
2020-01-01,4,CHACO,139088,3.0,139091,Q4
2020-01-01,4,CHUBUT,129749,825.0,130574,Q4
2020-01-01,4,CÓRDOBA,902646,55.0,902701,Q4
2020-01-01,4,CORRIENTES,125656,3.0,125659,Q4
2020-01-01,4,ENTRE RÍOS,247368,13.0,247381,Q4
2020-01-01,4,FORMOSA,50206,0.0,50206,Q4
2020-01-01,4,JUJUY,105851,0.0,105851,Q4
2020-01-01,4,LA PAMPA,96779,116.0,96895,Q4
2020-01-01,4,LA RIOJA,52775,3.0,52778,Q4
2020-01-01,4,MENDOZA,214838,615.0,215453,Q4
2020-01-01,4,MISIONES,147161,0.0,147161,Q4
2020-01-01,4,NEUQUÉN,132762,373.0,133135,Q4
2020-01-01,4,RÍO NEGRO,140709,501.0,141210,Q4
2020-01-01,4,SALTA,187388,2.0,187390,Q4
2020-01-01,4,SAN JUAN,72340,256.0,72596,Q4
2020-01-01,4,SAN LUIS,119287,148.0,119435,Q4
2020-01-01,4,SANTA CRUZ,40477,197.0,40674,Q4
2020-01-01,4,SANTA FE,820676,137.0,820813,Q4
2020-01-01,4,SANTIAGO DEL ESTERO,106668,1.0,106669,Q4
2020-01-01,4,TIERRA DEL FUEGO,39325,289.0,39614,Q4
2020-01-01,4,TUCUMÁN,231067,22.0,231089,Q4
2020-01-01,3,BUENOS AIRES,3932211,5066.0,3937277,Q3
2020-01-01,3,BUENOS AIRES,1371285,1390.0,1372675,Q3
2020-01-01,3,CATAMARCA,49903,1.0,49904,Q3
2020-01-01,3,CHACO,133951,3.0,133954,Q3
2020-01-01,3,CHUBUT,129202,825.0,130027,Q3
2020-01-01,3,CÓRDOBA,867417,55.0,867472,Q3
2020-01-01,3,CORRIENTES,123388,3.0,123391,Q3
2020-01-01,3,ENTRE RÍOS,241482,13.0,241495,Q3
2020-01-01,3,FORMOSA,49209,0.0,49209,Q3
2020-01-01,3,JUJUY,106728,0.0,106728,Q3
2020-01-01,3,LA PAMPA,93619,116.0,93735,Q3
2020-01-01,3,LA RIOJA,52613,3.0,52616,Q3
2020-01-01,3,MENDOZA,207173,615.0,207788,Q3
2020-01-01,3,MISIONES,143186,0.0,143186,Q3
2020-01-01,3,NEUQUÉN,128862,373.0,129235,Q3
2020-01-01,3,RÍO NEGRO,130966,501.0,131467,Q3
2020-01-01,3,SALTA,180844,2.0,180846,Q3
2020-01-01,3,SAN JUAN,77071,256.0,77327,Q3
2020-01-01,3,SAN LUIS,116417,148.0,116565,Q3
2020-01-01,3,SANTA CRUZ,39084,197.0,39281,Q3
2020-01-01,3,SANTA FE,802861,137.0,802998,Q3
2020-01-01,3,SANTIAGO DEL ESTERO,105491,1.0,105492,Q3
2020-01-01,3,TIERRA DEL FUEGO,39366,289.0,39655,Q3
2020-01-01,3,TUCUMÁN,223854,22.0,223876,Q3
2020-01-01,2,BUENOS AIRES,3772480,5066.0,3777546,Q2
2020-01-01,2,BUENOS AIRES,1356431,1390.0,1357821,Q2
2020-01-01,2,CATAMARCA,47975,1.0,47976,Q2
2020-01-01,2,CHACO,128129,3.0,128132,Q2
2020-01-01,2,CHUBUT,107831,825.0,108656,Q2
2020-01-01,2,CÓRDOBA,836413,55.0,836468,Q2
2020-01-01,2,CORRIENTES,118863,3.0,118866,Q2
2020-01-01,2,ENTRE RÍOS,234100,13.0,234113,Q2
2020-01-01,2,FORMOSA,47932,0.0,47932,Q2
2020-01-01,2,JUJUY,94316,0.0,94316,Q2
2020-01-01,2,LA PAMPA,89693,116.0,89809,Q2
2020-01-01,2,LA RIOJA,52152,3.0,52155,Q2
2020-01-01,2,MENDOZA,200569,615.0,201184,Q2
2020-01-01,2,MISIONES,140340,0.0,140340,Q2
2020-01-01,2,NEUQUÉN,125799,373.0,126172,Q2
2020-01-01,2,RÍO NEGRO,128985,501.0,129486,Q2
2020-01-01,2,SALTA,177760,2.0,177762,Q2
2020-01-01,2,SAN JUAN,69521,256.0,69777,Q2
2020-01-01,2,SAN LUIS,113804,148.0,113952,Q2
2020-01-01,2,SANTA CRUZ,38672,197.0,38869,Q2
2020-01-01,2,SANTA FE,777795,137.0,777932,Q2
2020-01-01,2,SANTIAGO DEL ESTERO,105446,1.0,105447,Q2
2020-01-01,2,TIERRA DEL FUEGO,38900,289.0,39189,Q2
2020-01-01,2,TUCUMÁN,217134,22.0,217156,Q2
2020-01-01,1,BUENOS AIRES,3702985,5066.0,3708051,Q1
2020-01-01,1,BUENOS AIRES,1352104,1390.0,1353494,Q1
2020-01-01,1,CATAMARCA,39634,1.0,39635,Q1
2020-01-01,1,CHACO,120274,3.0,120277,Q1
2020-01-01,1,CHUBUT,95938,800.0,96738,Q1
2020-01-01,1,CÓRDOBA,811044,55.0,811099,Q1
2020-01-01,1,CORRIENTES,113967,3.0,113970,Q1
2020-01-01,1,ENTRE RÍOS,231833,13.0,231846,Q1
2020-01-01,1,FORMOSA,46434,0.0,46434,Q1
2020-01-01,1,JUJUY,91665,0.0,91665,Q1
2020-01-01,1,LA PAMPA,89110,116.0,89226,Q1
2020-01-01,1,LA RIOJA,48337,3.0,48340,Q1
2020-01-01,1,MENDOZA,182837,615.0,183452,Q1
2020-01-01,1,MISIONES,133552,0.0,133552,Q1
2020-01-01,1,NEUQUÉN,121354,373.0,121727,Q1
2020-01-01,1,RÍO NEGRO,125699,501.0,126200,Q1
2020-01-01,1,SALTA,170379,2.0,170381,Q1
2020-01-01,1,SAN JUAN,63975,256.0,64231,Q1
2020-01-01,1,SAN LUIS,110404,148.0,110552,Q1
2020-01-01,1,SANTA CRUZ,38625,197.0,38822,Q1
2020-01-01,1,SANTA FE,770981,137.0,771118,Q1
2020-01-01,1,SANTIAGO DEL ESTERO,102754,1.0,102755,Q1
2020-01-01,1,TIERRA DEL FUEGO,38505,289.0,38794,Q1
2020-01-01,1,TUCUMÁN,200045,22.0,200067,Q1
2019-01-01,4,BUENOS AIRES,3681120,5134.0,3686254,Q4
2019-01-01,4,BUENOS AIRES,1356695,1410.0,1358105,Q4
2019-01-01,4,CATAMARCA,38310,1.0,38311,Q4
2019-01-01,4,CHACO,117900,3.0,117903,Q4
2019-01-01,4,CHUBUT,95292,810.0,96102,Q4
2019-01-01,4,CÓRDOBA,806633,55.0,806688,Q4
2019-01-01,4,CORRIENTES,113831,3.0,113834,Q4
2019-01-01,4,ENTRE RÍOS,239017,13.0,239030,Q4
2019-01-01,4,FORMOSA,46711,0.0,46711,Q4
2019-01-01,4,JUJUY,88881,0.0,88881,Q4
2019-01-01,4,LA PAMPA,90280,119.0,90399,Q4
2019-01-01,4,LA RIOJA,48999,3.0,49002,Q4
2019-01-01,4,MENDOZA,185157,623.0,185780,Q4
2019-01-01,4,MISIONES,135813,0.0,135813,Q4
2019-01-01,4,NEUQUÉN,116069,376.0,116445,Q4
2019-01-01,4,RÍO NEGRO,126636,504.0,127140,Q4
2019-01-01,4,SALTA,172443,2.0,172445,Q4
2019-01-01,4,SAN JUAN,64715,259.0,64974,Q4
2019-01-01,4,SAN LUIS,108053,148.0,108201,Q4
2019-01-01,4,SANTA CRUZ,39170,200.0,39370,Q4
2019-01-01,4,SANTA FE,769019,150.0,769169,Q4
2019-01-01,4,SANTIAGO DEL ESTERO,103587,1.0,103588,Q4
2019-01-01,4,TIERRA DEL FUEGO,40101,291.0,40392,Q4
2019-01-01,4,TUCUMÁN,198621,23.0,198644,Q4
2019-01-01,3,BUENOS AIRES,3950114,10119.0,3960233,Q3
2019-01-01,3,BUENOS AIRES,1437734,3477.0,1441211,Q3
2019-01-01,3,CATAMARCA,32391,9.0,32400,Q3
2019-01-01,3,CHACO,114438,13.0,114451,Q3
2019-01-01,3,CHUBUT,87481,1524.0,89005,Q3
2019-01-01,3,CÓRDOBA,782946,107.0,783053,Q3
2019-01-01,3,CORRIENTES,112749,10.0,112759,Q3
2019-01-01,3,ENTRE RÍOS,238057,45.0,238102,Q3
2019-01-01,3,FORMOSA,46066,0.0,46066,Q3
2019-01-01,3,JUJUY,86575,1.0,86576,Q3
2019-01-01,3,LA PAMPA,90559,269.0,90828,Q3
2019-01-01,3,LA RIOJA,49659,18.0,49677,Q3
2019-01-01,3,MENDOZA,223015,1322.0,224337,Q3
2019-01-01,3,MISIONES,133883,0.0,133883,Q3
2019-01-01,3,NEUQUÉN,123435,1986.0,125421,Q3
2019-01-01,3,RÍO NEGRO,143391,904.0,144295,Q3
2019-01-01,3,SALTA,151834,1.0,151835,Q3
2019-01-01,3,SAN JUAN,72535,563.0,73098,Q3
2019-01-01,3,SAN LUIS,122409,291.0,122700,Q3
2019-01-01,3,SANTA CRUZ,37642,328.0,37970,Q3
2019-01-01,3,SANTA FE,760706,228.0,760934,Q3
2019-01-01,3,SANTIAGO DEL ESTERO,133130,2.0,133132,Q3
2019-01-01,3,TIERRA DEL FUEGO,48043,544.0,48587,Q3
2019-01-01,3,TUCUMÁN,164099,32.0,164131,Q3
2019-01-01,2,BUENOS AIRES,3845594,10104.0,3855698,Q2
2019-01-01,2,BUENOS AIRES,1412177,3443.0,1415620,Q2
2019-01-01,2,CATAMARCA,33626,9.0,33635,Q2
2019-01-01,2,CHACO,108721,13.0,108734,Q2
2019-01-01,2,CHUBUT,86038,1518.0,87556,Q2
2019-01-01,2,CÓRDOBA,775023,105.0,775128,Q2
2019-01-01,2,CORRIENTES,111539,10.0,111549,Q2
2019-01-01,2,ENTRE RÍOS,235780,44.0,235824,Q2
2019-01-01,2,FORMOSA,46438,0.0,46438,Q2
2019-01-01,2,JUJUY,86706,1.0,86707,Q2
2019-01-01,2,LA PAMPA,89937,268.0,90205,Q2
2019-01-01,2,LA RIOJA,50283,18.0,50301,Q2
2019-01-01,2,MENDOZA,222535,1322.0,223857,Q2
2019-01-01,2,MISIONES,132878,0.0,132878,Q2
2019-01-01,2,NEUQUÉN,120954,1999.0,122953,Q2
2019-01-01,2,RÍO NEGRO,137632,915.0,138547,Q2
2019-01-01,2,SALTA,142567,1.0,142568,Q2
2019-01-01,2,SAN JUAN,69461,564.0,70025,Q2
2019-01-01,2,SAN LUIS,117094,291.0,117385,Q2
2019-01-01,2,SANTA CRUZ,30225,325.0,30550,Q2
2019-01-01,2,SANTA FE,743258,226.0,743484,Q2
2019-01-01,2,SANTIAGO DEL ESTERO,126752,2.0,126754,Q2
2019-01-01,2,TIERRA DEL FUEGO,46910,544.0,47454,Q2
2019-01-01,2,TUCUMÁN,166299,32.0,166331,Q2
2019-01-01,1,BUENOS AIRES,3736563,10104.0,3746667,Q1
2019-01-01,1,BUENOS AIRES,1396157,3443.0,1399600,Q1
2019-01-01,1,CATAMARCA,33613,9.0,33622,Q1
2019-01-01,1,CHACO,103664,13.0,103677,Q1
2019-01-01,1,CHUBUT,78260,1518.0,79778,Q1
2019-01-01,1,CÓRDOBA,744010,105.0,744115,Q1
2019-01-01,1,CORRIENTES,102477,10.0,102487,Q1
2019-01-01,1,ENTRE RÍOS,232403,44.0,232447,Q1
2019-01-01,1,FORMOSA,45211,0.0,45211,Q1
2019-01-01,1,JUJUY,90146,1.0,90147,Q1
2019-01-01,1,LA PAMPA,88892,268.0,89160,Q1
2019-01-01,1,LA RIOJA,51638,18.0,51656,Q1
2019-01-01,1,MENDOZA,204976,1322.0,206298,Q1
2019-01-01,1,MISIONES,122720,0.0,122720,Q1
2019-01-01,1,NEUQUÉN,112321,2056.0,114377,Q1
2019-01-01,1,RÍO NEGRO,120173,915.0,121088,Q1
2019-01-01,1,SALTA,136019,1.0,136020,Q1
2019-01-01,1,SAN JUAN,61881,564.0,62445,Q1
2019-01-01,1,SAN LUIS,96044,291.0,96335,Q1
2019-01-01,1,SANTA CRUZ,24580,325.0,24905,Q1
2019-01-01,1,SANTA FE,736851,227.0,737078,Q1
2019-01-01,1,SANTIAGO DEL ESTERO,89851,2.0,89853,Q1
2019-01-01,1,TIERRA DEL FUEGO,45903,544.0,46447,Q1
2019-01-01,1,TUCUMÁN,171970,32.0,172002,Q1
2018-01-01,4,BUENOS AIRES,3626502,10104.0,3636606,Q4
2018-01-01,4,BUENOS AIRES,1385577,3443.0,1389020,Q4
2018-01-01,4,CATAMARCA,33574,9.0,33583,Q4
2018-01-01,4,CHACO,103257,13.0,103270,Q4
2018-01-01,4,CHUBUT,77204,1518.0,78722,Q4
2018-01-01,4,CÓRDOBA,737234,105.0,737339,Q4
2018-01-01,4,CORRIENTES,100591,10.0,100601,Q4
2018-01-01,4,ENTRE RÍOS,222003,44.0,222047,Q4
2018-01-01,4,FORMOSA,45204,0.0,45204,Q4
2018-01-01,4,JUJUY,90132,1.0,90133,Q4
2018-01-01,4,LA PAMPA,85368,268.0,85636,Q4
2018-01-01,4,LA RIOJA,51633,18.0,51651,Q4
2018-01-01,4,MENDOZA,204982,1322.0,206304,Q4
2018-01-01,4,MISIONES,116273,0.0,116273,Q4
2018-01-01,4,NEUQUÉN,112309,2056.0,114365,Q4
2018-01-01,4,RÍO NEGRO,115922,915.0,116837,Q4
2018-01-01,4,SALTA,134577,1.0,134578,Q4
2018-01-01,4,SAN JUAN,61834,564.0,62398,Q4
2018-01-01,4,SAN LUIS,96040,291.0,96331,Q4
2018-01-01,4,SANTA CRUZ,24443,325.0,24768,Q4
2018-01-01,4,SANTA FE,720161,229.0,720390,Q4
2018-01-01,4,SANTIAGO DEL ESTERO,89333,2.0,89335,Q4
2018-01-01,4,TIERRA DEL FUEGO,45716,544.0,46260,Q4
2018-01-01,4,TUCUMÁN,171972,32.0,172004,Q4
2018-01-01,3,BUENOS AIRES,3599714,10563.0,3610277,Q3
2018-01-01,3,BUENOS AIRES,1385804,6686.0,1392490,Q3
2018-01-01,3,CATAMARCA,34215,11.0,34226,Q3
2018-01-01,3,CHACO,102021,12.0,102033,Q3
2018-01-01,3,CHUBUT,101310,2426.0,103736,Q3
2018-01-01,3,CÓRDOBA,725764,94.0,725858,Q3
2018-01-01,3,CORRIENTES,99445,11.0,99456,Q3
2018-01-01,3,ENTRE RÍOS,204560,48.0,204608,Q3
2018-01-01,3,FORMOSA,44865,0.0,44865,Q3
2018-01-01,3,JUJUY,44934,1.0,44935,Q3
2018-01-01,3,LA PAMPA,83180,244.0,83424,Q3
2018-01-01,3,LA RIOJA,51855,17.0,51872,Q3
2018-01-01,3,MENDOZA,205545,1484.0,207029,Q3
2018-01-01,3,MISIONES,108042,0.0,108042,Q3
2018-01-01,3,NEUQUÉN,114713,2005.0,116718,Q3
2018-01-01,3,RÍO NEGRO,112433,1059.0,113492,Q3
2018-01-01,3,SALTA,132882,1.0,132883,Q3
2018-01-01,3,SAN JUAN,63823,658.0,64481,Q3
2018-01-01,3,SAN LUIS,74121,300.0,74421,Q3
2018-01-01,3,SANTA CRUZ,33565,434.0,33999,Q3
2018-01-01,3,SANTA FE,694883,217.0,695100,Q3
2018-01-01,3,SANTIAGO DEL ESTERO,86358,2.0,86360,Q3
2018-01-01,3,TIERRA DEL FUEGO,45056,508.0,45564,Q3
2018-01-01,3,TUCUMÁN,171135,31.0,171166,Q3
2018-01-01,2,BUENOS AIRES,3490134,10565.0,3500699,Q2
2018-01-01,2,BUENOS AIRES,1362498,6688.0,1369186,Q2
2018-01-01,2,CATAMARCA,34078,11.0,34089,Q2
2018-01-01,2,CHACO,98509,12.0,98521,Q2
2018-01-01,2,CHUBUT,98137,2427.0,100564,Q2
2018-01-01,2,CÓRDOBA,712979,94.0,713073,Q2
2018-01-01,2,CORRIENTES,97946,11.0,97957,Q2
2018-01-01,2,ENTRE RÍOS,199937,48.0,199985,Q2
2018-01-01,2,FORMOSA,44554,,44554,Q2
2018-01-01,2,JUJUY,45132,1.0,45133,Q2
2018-01-01,2,LA PAMPA,82177,244.0,82421,Q2
2018-01-01,2,LA RIOJA,51931,17.0,51948,Q2
2018-01-01,2,MENDOZA,199468,1484.0,200952,Q2
2018-01-01,2,MISIONES,106147,,106147,Q2
2018-01-01,2,NEUQUÉN,113842,2006.0,115848,Q2
2018-01-01,2,RÍO NEGRO,111176,1059.0,112235,Q2
2018-01-01,2,SALTA,134166,1.0,134167,Q2
2018-01-01,2,SAN JUAN,63443,658.0,64101,Q2
2018-01-01,2,SAN LUIS,21168,300.0,21468,Q2
2018-01-01,2,SANTA CRUZ,33970,435.0,34405,Q2
2018-01-01,2,SANTA FE,684243,309.0,684552,Q2
2018-01-01,2,SANTIAGO DEL ESTERO,83773,2.0,83775,Q2
2018-01-01,2,TIERRA DEL FUEGO,44199,508.0,44707,Q2
2018-01-01,2,TUCUMÁN,169926,31.0,169957,Q2
2018-01-01,1,BUENOS AIRES,3464882,10564.0,3475446,Q1
2018-01-01,1,BUENOS AIRES,1359882,6688.0,1366570,Q1
2018-01-01,1,CATAMARCA,33934,11.0,33945,Q1
2018-01-01,1,CHACO,96925,12.0,96937,Q1
2018-01-01,1,CHUBUT,95532,2427.0,97959,Q1
2018-01-01,1,CÓRDOBA,713825,101.0,713926,Q1
2018-01-01,1,CORRIENTES,94406,11.0,94417,Q1
2018-01-01,1,ENTRE RÍOS,197346,48.0,197394,Q1
2018-01-01,1,FORMOSA,32328,0.0,32328,Q1
2018-01-01,1,JUJUY,44405,1.0,44406,Q1
2018-01-01,1,LA PAMPA,82668,396.0,83064,Q1
2018-01-01,1,LA RIOJA,52228,17.0,52245,Q1
2018-01-01,1,MENDOZA,199463,1484.0,200947,Q1
2018-01-01,1,MISIONES,103580,0.0,103580,Q1
2018-01-01,1,NEUQUÉN,115897,2006.0,117903,Q1
2018-01-01,1,RÍO NEGRO,110057,1062.0,111119,Q1
2018-01-01,1,SALTA,133182,1.0,133183,Q1
2018-01-01,1,SAN JUAN,62610,658.0,63268,Q1
2018-01-01,1,SAN LUIS,21096,300.0,21396,Q1
2018-01-01,1,SANTA CRUZ,33970,435.0,34405,Q1
2018-01-01,1,SANTA FE,679717,309.0,680026,Q1
2018-01-01,1,SANTIAGO DEL ESTERO,82916,2.0,82918,Q1
2018-01-01,1,TIERRA DEL FUEGO,31106,508.0,31614,Q1
2018-01-01,1,TUCUMÁN,168026,31.0,168057,Q1
2017-01-01,4,BUENOS AIRES,3171206,10690.0,3181896,Q4
2017-01-01,4,BUENOS AIRES,1575418,6906.0,1582324,Q4
2017-01-01,4,CATAMARCA,29548,10.0,29558,Q4
2017-01-01,4,CHACO,96603,12.0,96615,Q4
2017-01-01,4,CHUBUT,91012,2428.0,93440,Q4
2017-01-01,4,CÓRDOBA,709874,105.0,709979,Q4
2017-01-01,4,CORRIENTES,93760,11.0,93771,Q4
2017-01-01,4,ENTRE RÍOS,193654,49.0,193703,Q4
2017-01-01,4,FORMOSA,32056,0.0,32056,Q4
2017-01-01,4,JUJUY,43551,1.0,43552,Q4
2017-01-01,4,LA PAMPA,81675,396.0,82071,Q4
2017-01-01,4,LA RIOJA,52177,17.0,52194,Q4
2017-01-01,4,MENDOZA,178661,1490.0,180151,Q4
2017-01-01,4,MISIONES,103895,0.0,103895,Q4
2017-01-01,4,NEUQUÉN,114965,2006.0,116971,Q4
2017-01-01,4,RÍO NEGRO,108702,1062.0,109764,Q4
2017-01-01,4,SALTA,132811,1.0,132812,Q4
2017-01-01,4,SAN JUAN,57965,659.0,58624,Q4
2017-01-01,4,SAN LUIS,14604,300.0,14904,Q4
2017-01-01,4,SANTA CRUZ,29018,434.0,29452,Q4
2017-01-01,4,SANTA FE,672137,323.0,672460,Q4
2017-01-01,4,SANTIAGO DEL ESTERO,68842,2.0,68844,Q4
2017-01-01,4,TIERRA DEL FUEGO,28346,508.0,28854,Q4
2017-01-01,4,TUCUMÁN,162298,34.0,162332,Q4
2017-01-01,3,BUENOS AIRES,3046758,11202.0,3057960,Q3
2017-01-01,3,BUENOS AIRES,1563289,7070.0,1570359,Q3
2017-01-01,3,CATAMARCA,33467,11.0,33478,Q3
2017-01-01,3,CHACO,93747,12.0,93759,Q3
2017-01-01,3,CHUBUT,81067,2477.0,83544,Q3
2017-01-01,3,CÓRDOBA,696536,108.0,696644,Q3
2017-01-01,3,CORRIENTES,92536,12.0,92548,Q3
2017-01-01,3,ENTRE RÍOS,185414,50.0,185464,Q3
2017-01-01,3,FORMOSA,32105,0.0,32105,Q3
2017-01-01,3,JUJUY,43241,1.0,43242,Q3
2017-01-01,3,LA PAMPA,79280,410.0,79690,Q3
2017-01-01,3,LA RIOJA,51896,17.0,51913,Q3
2017-01-01,3,MENDOZA,190958,1533.0,192491,Q3
2017-01-01,3,MISIONES,100476,0.0,100476,Q3
2017-01-01,3,NEUQUÉN,113755,2029.0,115784,Q3
2017-01-01,3,RÍO NEGRO,106393,1103.0,107496,Q3
2017-01-01,3,SALTA,132517,1.0,132518,Q3
2017-01-01,3,SAN JUAN,61789,660.0,62449,Q3
2017-01-01,3,SAN LUIS,21408,311.0,21719,Q3
2017-01-01,3,SANTA CRUZ,33222,468.0,33690,Q3
2017-01-01,3,SANTA FE,662086,256.0,662342,Q3
2017-01-01,3,SANTIAGO DEL ESTERO,82792,2.0,82794,Q3
2017-01-01,3,TIERRA DEL FUEGO,30883,583.0,31466,Q3
2017-01-01,3,TUCUMÁN,160979,33.0,161012,Q3
2017-01-01,2,BUENOS AIRES,3067430,11201.0,3078631,Q2
2017-01-01,2,BUENOS AIRES,1592175,8016.0,1600191,Q2
2017-01-01,2,CATAMARCA,26692,13.0,26705,Q2
2017-01-01,2,CHACO,90597,14.0,90611,Q2
2017-01-01,2,CHUBUT,62245,1730.0,63975,Q2
2017-01-01,2,CÓRDOBA,657505,133.0,657638,Q2
2017-01-01,2,CORRIENTES,90085,12.0,90097,Q2
2017-01-01,2,ENTRE RÍOS,182675,57.0,182732,Q2
2017-01-01,2,FORMOSA,29956,0.0,29956,Q2
2017-01-01,2,JUJUY,42656,1.0,42657,Q2
2017-01-01,2,LA PAMPA,72573,449.0,73022,Q2
2017-01-01,2,LA RIOJA,16271,18.0,16289,Q2
2017-01-01,2,MENDOZA,169302,1451.0,170753,Q2
2017-01-01,2,MISIONES,99794,0.0,99794,Q2
2017-01-01,2,NEUQUÉN,115321,2112.0,117433,Q2
2017-01-01,2,RÍO NEGRO,100621,998.0,101619,Q2
2017-01-01,2,SALTA,108540,1.0,108541,Q2
2017-01-01,2,SAN JUAN,51261,620.0,51881,Q2
2017-01-01,2,SAN LUIS,12992,315.0,13307,Q2
2017-01-01,2,SANTA CRUZ,26019,369.0,26388,Q2
2017-01-01,2,SANTA FE,566918,362.0,567280,Q2
2017-01-01,2,SANTIAGO DEL ESTERO,33194,2.0,33196,Q2
2017-01-01,2,TIERRA DEL FUEGO,31938,619.0,32557,Q2
2017-01-01,2,TUCUMÁN,154374,37.0,154411,Q2
2017-01-01,1,BUENOS AIRES,3178174,11202.0,3189376,Q1
2017-01-01,1,BUENOS AIRES,1391030,8016.0,1399046,Q1
2017-01-01,1,CATAMARCA,26304,13.0,26317,Q1
2017-01-01,1,CHACO,89036,14.0,89050,Q1
2017-01-01,1,CHUBUT,62166,1730.0,63896,Q1
2017-01-01,1,CÓRDOBA,641066,133.0,641199,Q1
2017-01-01,1,CORRIENTES,88596,12.0,88608,Q1
2017-01-01,1,ENTRE RÍOS,180296,57.0,180353,Q1
2017-01-01,1,FORMOSA,29705,0.0,29705,Q1
2017-01-01,1,JUJUY,43202,1.0,43203,Q1
2017-01-01,1,LA PAMPA,71458,455.0,71913,Q1
2017-01-01,1,LA RIOJA,16207,18.0,16225,Q1
2017-01-01,1,MENDOZA,169282,1451.0,170733,Q1
2017-01-01,1,MISIONES,97619,0.0,97619,Q1
2017-01-01,1,NEUQUÉN,113227,2112.0,115339,Q1
2017-01-01,1,RÍO NEGRO,100288,1000.0,101288,Q1
2017-01-01,1,SALTA,107632,1.0,107633,Q1
2017-01-01,1,SAN JUAN,51253,620.0,51873,Q1
2017-01-01,1,SAN LUIS,12992,315.0,13307,Q1
2017-01-01,1,SANTA CRUZ,26116,370.0,26486,Q1
2017-01-01,1,SANTA FE,562520,362.0,562882,Q1
2017-01-01,1,SANTIAGO DEL ESTERO,34473,2.0,34475,Q1
2017-01-01,1,TIERRA DEL FUEGO,31938,619.0,32557,Q1
2017-01-01,1,TUCUMÁN,152734,37.0,152771,Q1
2016-01-01,4,BUENOS AIRES,3131499,11202.0,3142701,Q4
2016-01-01,4,BUENOS AIRES,1393443,8016.0,1401459,Q4
2016-01-01,4,CATAMARCA,27021,13.0,27034,Q4
2016-01-01,4,CHACO,88833,14.0,88847,Q4
2016-01-01,4,CHUBUT,62035,1730.0,63765,Q4
2016-01-01,4,CÓRDOBA,636422,133.0,636555,Q4
2016-01-01,4,CORRIENTES,88084,12.0,88096,Q4
2016-01-01,4,ENTRE RÍOS,180188,57.0,180245,Q4
2016-01-01,4,FORMOSA,29513,0.0,29513,Q4
2016-01-01,4,JUJUY,42624,1.0,42625,Q4
2016-01-01,4,LA PAMPA,71368,460.0,71828,Q4
2016-01-01,4,LA RIOJA,16298,18.0,16316,Q4
2016-01-01,4,MENDOZA,169274,1451.0,170725,Q4
2016-01-01,4,MISIONES,97390,0.0,97390,Q4
2016-01-01,4,NEUQUÉN,111723,2112.0,113835,Q4
2016-01-01,4,RÍO NEGRO,100020,1000.0,101020,Q4
2016-01-01,4,SALTA,106934,1.0,106935,Q4
2016-01-01,4,SAN JUAN,51301,620.0,51921,Q4
2016-01-01,4,SAN LUIS,12992,315.0,13307,Q4
2016-01-01,4,SANTA CRUZ,26094,370.0,26464,Q4
2016-01-01,4,SANTA FE,561470,362.0,561832,Q4
2016-01-01,4,SANTIAGO DEL ESTERO,35049,2.0,35051,Q4
2016-01-01,4,TIERRA DEL FUEGO,31938,619.0,32557,Q4
2016-01-01,4,TUCUMÁN,151615,37.0,151652,Q4
2016-01-01,3,BUENOS AIRES,3075387,11205.0,3086592,Q3
2016-01-01,3,BUENOS AIRES,1395053,8051.0,1403104,Q3
2016-01-01,3,CATAMARCA,26957,13.0,26970,Q3
2016-01-01,3,CHACO,89216,14.0,89230,Q3
2016-01-01,3,CHUBUT,62222,1730.0,63952,Q3
2016-01-01,3,CÓRDOBA,642458,133.0,642591,Q3
2016-01-01,3,CORRIENTES,88328,12.0,88340,Q3
2016-01-01,3,ENTRE RÍOS,181092,57.0,181149,Q3
2016-01-01,3,FORMOSA,27716,0.0,27716,Q3
2016-01-01,3,JUJUY,42537,1.0,42538,Q3
2016-01-01,3,LA PAMPA,69903,461.0,70364,Q3
2016-01-01,3,LA RIOJA,16912,18.0,16930,Q3
2016-01-01,3,MENDOZA,169174,1450.0,170624,Q3
2016-01-01,3,MISIONES,97997,0.0,97997,Q3
2016-01-01,3,NEUQUÉN,110491,2112.0,112603,Q3
2016-01-01,3,RÍO NEGRO,100024,1002.0,101026,Q3
2016-01-01,3,SALTA,107790,1.0,107791,Q3
2016-01-01,3,SAN JUAN,51348,620.0,51968,Q3
2016-01-01,3,SAN LUIS,12978,315.0,13293,Q3
2016-01-01,3,SANTA CRUZ,25886,371.0,26257,Q3
2016-01-01,3,SANTA FE,566625,386.0,567011,Q3
2016-01-01,3,SANTIAGO DEL ESTERO,35658,2.0,35660,Q3
2016-01-01,3,TIERRA DEL FUEGO,31306,619.0,31925,Q3
2016-01-01,3,TUCUMÁN,151282,37.0,151319,Q3
2016-01-01,2,BUENOS AIRES,3032776,12515.0,3045291,Q2
2016-01-01,2,BUENOS AIRES,1384824,9760.0,1394584,Q2
2016-01-01,2,CATAMARCA,26543,13.0,26556,Q2
2016-01-01,2,CHACO,88235,16.0,88251,Q2
2016-01-01,2,CHUBUT,62116,1740.0,63856,Q2
2016-01-01,2,CÓRDOBA,634680,234.0,634914,Q2
2016-01-01,2,CORRIENTES,86932,24.0,86956,Q2
2016-01-01,2,ENTRE RÍOS,178194,179.0,178373,Q2
2016-01-01,2,FORMOSA,28801,1.0,28802,Q2
2016-01-01,2,JUJUY,41187,2.0,41189,Q2
2016-01-01,2,LA PAMPA,68403,485.0,68888,Q2
2016-01-01,2,LA RIOJA,16718,18.0,16736,Q2
2016-01-01,2,MENDOZA,169274,1550.0,170824,Q2
2016-01-01,2,MISIONES,95808,7.0,95815,Q2
2016-01-01,2,NEUQUÉN,108224,2291.0,110515,Q2
2016-01-01,2,RÍO NEGRO,99631,1073.0,100704,Q2
2016-01-01,2,SALTA,104929,3.0,104932,Q2
2016-01-01,2,SAN JUAN,51392,621.0,52013,Q2
2016-01-01,2,SAN LUIS,12939,317.0,13256,Q2
2016-01-01,2,SANTA CRUZ,25797,356.0,26153,Q2
2016-01-01,2,SANTA FE,563867,607.0,564474,Q2
2016-01-01,2,SANTIAGO DEL ESTERO,36958,3.0,36961,Q2
2016-01-01,2,TIERRA DEL FUEGO,30740,619.0,31359,Q2
2016-01-01,2,TUCUMÁN,148636,41.0,148677,Q2
2016-01-01,1,BUENOS AIRES,2929903,12612.0,2942515,Q1
2016-01-01,1,BUENOS AIRES,1328079,9817.0,1337896,Q1
2016-01-01,1,CATAMARCA,26376,13.0,26389,Q1
2016-01-01,1,CHACO,86635,16.0,86651,Q1
2016-01-01,1,CHUBUT,62060,1740.0,63800,Q1
2016-01-01,1,CÓRDOBA,609692,234.0,609926,Q1
2016-01-01,1,CORRIENTES,85510,26.0,85536,Q1
2016-01-01,1,ENTRE RÍOS,174634,179.0,174813,Q1
2016-01-01,1,FORMOSA,28313,1.0,28314,Q1
2016-01-01,1,JUJUY,40287,2.0,40289,Q1
2016-01-01,1,LA PAMPA,65442,487.0,65929,Q1
2016-01-01,1,LA RIOJA,16673,18.0,16691,Q1
2016-01-01,1,MENDOZA,169257,1553.0,170810,Q1
2016-01-01,1,MISIONES,92951,7.0,92958,Q1
2016-01-01,1,NEUQUÉN,101969,2292.0,104261,Q1
2016-01-01,1,RÍO NEGRO,98745,1077.0,99822,Q1
2016-01-01,1,SALTA,102423,3.0,102426,Q1
2016-01-01,1,SAN JUAN,51373,621.0,51994,Q1
2016-01-01,1,SAN LUIS,12915,317.0,13232,Q1
2016-01-01,1,SANTA CRUZ,25931,356.0,26287,Q1
2016-01-01,1,SANTA FE,551378,618.0,551996,Q1
2016-01-01,1,SANTIAGO DEL ESTERO,37695,3.0,37698,Q1
2016-01-01,1,TIERRA DEL FUEGO,29867,619.0,30486,Q1
2016-01-01,1,TUCUMÁN,146596,41.0,146637,Q1
2015-01-01,4,BUENOS AIRES,2946743,12642.0,2959385,Q4
2015-01-01,4,BUENOS AIRES,1360381,9845.0,1370226,Q4
2015-01-01,4,CATAMARCA,26459,13.0,26472,Q4
2015-01-01,4,CHACO,86537,16.0,86553,Q4
2015-01-01,4,CHUBUT,62279,1740.0,64019,Q4
2015-01-01,4,CÓRDOBA,625835,235.0,626070,Q4
2015-01-01,4,CORRIENTES,85409,26.0,85435,Q4
2015-01-01,4,ENTRE RÍOS,173957,180.0,174137,Q4
2015-01-01,4,FORMOSA,28088,1.0,28089,Q4
2015-01-01,4,JUJUY,39922,2.0,39924,Q4
2015-01-01,4,LA PAMPA,66054,312.0,66366,Q4
2015-01-01,4,LA RIOJA,16914,18.0,16932,Q4
2015-01-01,4,MENDOZA,169251,1556.0,170807,Q4
2015-01-01,4,MISIONES,92846,7.0,92853,Q4
2015-01-01,4,NEUQUÉN,105122,2294.0,107416,Q4
2015-01-01,4,RÍO NEGRO,98655,1067.0,99722,Q4
2015-01-01,4,SALTA,101917,3.0,101920,Q4
2015-01-01,4,SAN JUAN,51408,621.0,52029,Q4
2015-01-01,4,SAN LUIS,12901,317.0,13218,Q4
2015-01-01,4,SANTA CRUZ,26047,356.0,26403,Q4
2015-01-01,4,SANTA FE,561045,627.0,561672,Q4
2015-01-01,4,SANTIAGO DEL ESTERO,39132,3.0,39135,Q4
2015-01-01,4,TIERRA DEL FUEGO,29334,619.0,29953,Q4
2015-01-01,4,TUCUMÁN,146053,42.0,146095,Q4
2015-01-01,3,BUENOS AIRES,2916070,12695.0,2928765,Q3
2015-01-01,3,BUENOS AIRES,1362193,9875.0,1372068,Q3
2015-01-01,3,CATAMARCA,26080,13.0,26093,Q3
2015-01-01,3,CHACO,85354,16.0,85370,Q3
2015-01-01,3,CHUBUT,62143,1740.0,63883,Q3
2015-01-01,3,CÓRDOBA,622761,237.0,622998,Q3
2015-01-01,3,CORRIENTES,84931,28.0,84959,Q3
2015-01-01,3,ENTRE RÍOS,172252,182.0,172434,Q3
2015-01-01,3,FORMOSA,27751,1.0,27752,Q3
2015-01-01,3,JUJUY,39548,2.0,39550,Q3
2015-01-01,3,LA PAMPA,64976,495.0,65471,Q3
2015-01-01,3,LA RIOJA,16753,18.0,16771,Q3
2015-01-01,3,MENDOZA,169261,1562.0,170823,Q3
2015-01-01,3,MISIONES,91615,7.0,91622,Q3
2015-01-01,3,NEUQUÉN,98376,2240.0,100616,Q3
2015-01-01,3,RÍO NEGRO,98529,1085.0,99614,Q3
2015-01-01,3,SALTA,100570,3.0,100573,Q3
2015-01-01,3,SAN JUAN,51409,621.0,52030,Q3
2015-01-01,3,SAN LUIS,12902,317.0,13219,Q3
2015-01-01,3,SANTA CRUZ,25912,359.0,26271,Q3
2015-01-01,3,SANTA FE,556097,641.0,556738,Q3
2015-01-01,3,SANTIAGO DEL ESTERO,39394,3.0,39397,Q3
2015-01-01,3,TIERRA DEL FUEGO,33118,619.0,33737,Q3
2015-01-01,3,TUCUMÁN,144272,42.0,144314,Q3
2015-01-01,2,BUENOS AIRES,2871079,12711.0,2883790,Q2
2015-01-01,2,BUENOS AIRES,1336391,9893.0,1346284,Q2
2015-01-01,2,CATAMARCA,25666,13.0,25679,Q2
2015-01-01,2,CHACO,83832,16.0,83848,Q2
2015-01-01,2,CHUBUT,61745,1740.0,63485,Q2
2015-01-01,2,CÓRDOBA,609510,236.0,609746,Q2
2015-01-01,2,CORRIENTES,83288,28.0,83316,Q2
2015-01-01,2,ENTRE RÍOS,169309,183.0,169492,Q2
2015-01-01,2,FORMOSA,27013,37.0,27050,Q2
2015-01-01,2,JUJUY,37720,2.0,37722,Q2
2015-01-01,2,LA PAMPA,63552,500.0,64052,Q2
2015-01-01,2,LA RIOJA,16491,18.0,16509,Q2
2015-01-01,2,MENDOZA,169259,1564.0,170823,Q2
2015-01-01,2,MISIONES,88512,7.0,88519,Q2
2015-01-01,2,NEUQUÉN,95644,2241.0,97885,Q2
2015-01-01,2,RÍO NEGRO,97640,1087.0,98727,Q2
2015-01-01,2,SALTA,98264,3.0,98267,Q2
2015-01-01,2,SAN JUAN,51367,621.0,51988,Q2
2015-01-01,2,SAN LUIS,12904,317.0,13221,Q2
2015-01-01,2,SANTA CRUZ,25384,379.0,25763,Q2
2015-01-01,2,SANTA FE,545739,649.0,546388,Q2
2015-01-01,2,SANTIAGO DEL ESTERO,39375,3.0,39378,Q2
2015-01-01,2,TIERRA DEL FUEGO,32960,619.0,33579,Q2
2015-01-01,2,TUCUMÁN,140635,42.0,140677,Q2
2015-01-01,1,BUENOS AIRES,2847076,14766.0,2861842,Q1
2015-01-01,1,BUENOS AIRES,1321139,11582.0,1332721,Q1
2015-01-01,1,CATAMARCA,25312,20.0,25332,Q1
2015-01-01,1,CHACO,81329,31.0,81360,Q1
2015-01-01,1,CHUBUT,63327,1946.0,65273,Q1
2015-01-01,1,CÓRDOBA,596663,294.0,596957,Q1
2015-01-01,1,CORRIENTES,81488,43.0,81531,Q1
2015-01-01,1,ENTRE RÍOS,165839,231.0,166070,Q1
2015-01-01,1,FORMOSA,26657,43.0,26700,Q1
2015-01-01,1,JUJUY,36608,3.0,36611,Q1
2015-01-01,1,LA PAMPA,62155,542.0,62697,Q1
2015-01-01,1,LA RIOJA,16310,23.0,16333,Q1
2015-01-01,1,MENDOZA,168355,1805.0,170160,Q1
2015-01-01,1,MISIONES,85139,7.0,85146,Q1
2015-01-01,1,NEUQUÉN,93373,2369.0,95742,Q1
2015-01-01,1,RÍO NEGRO,96145,1188.0,97333,Q1
2015-01-01,1,SALTA,96793,18.0,96811,Q1
2015-01-01,1,SAN JUAN,51117,702.0,51819,Q1
2015-01-01,1,SAN LUIS,12878,354.0,13232,Q1
2015-01-01,1,SANTA CRUZ,26217,424.0,26641,Q1
2015-01-01,1,SANTA FE,535640,797.0,536437,Q1
2015-01-01,1,SANTIAGO DEL ESTERO,39244,8.0,39252,Q1
2015-01-01,1,TIERRA DEL FUEGO,32726,730.0,33456,Q1
2015-01-01,1,TUCUMÁN,138184,92.0,138276,Q1
2014-01-01,4,BUENOS AIRES,2801178,15229.0,2816407,Q4
2014-01-01,4,BUENOS AIRES,1318526,11994.0,1330520,Q4
2014-01-01,4,CATAMARCA,25472,21.0,25493,Q4
2014-01-01,4,CHACO,65998,37.0,66035,Q4
2014-01-01,4,CHUBUT,66557,1985.0,68542,Q4
2014-01-01,4,CÓRDOBA,590113,319.0,590432,Q4
2014-01-01,4,CORRIENTES,65656,54.0,65710,Q4
2014-01-01,4,ENTRE RÍOS,140567,246.0,140813,Q4
2014-01-01,4,FORMOSA,26156,51.0,26207,Q4
2014-01-01,4,JUJUY,35999,3.0,36002,Q4
2014-01-01,4,LA PAMPA,56813,567.0,57380,Q4
2014-01-01,4,LA RIOJA,16379,23.0,16402,Q4
2014-01-01,4,MENDOZA,167766,1848.0,169614,Q4
2014-01-01,4,MISIONES,77222,7.0,77229,Q4
2014-01-01,4,NEUQUÉN,92999,2397.0,95396,Q4
2014-01-01,4,RÍO NEGRO,95050,1210.0,96260,Q4
2014-01-01,4,SALTA,93921,26.0,93947,Q4
2014-01-01,4,SAN JUAN,51390,729.0,52119,Q4
2014-01-01,4,SAN LUIS,12788,359.0,13147,Q4
2014-01-01,4,SANTA CRUZ,25277,436.0,25713,Q4
2014-01-01,4,SANTA FE,528459,938.0,529397,Q4
2014-01-01,4,SANTIAGO DEL ESTERO,39308,9.0,39317,Q4
2014-01-01,4,TIERRA DEL FUEGO,28249,741.0,28990,Q4
2014-01-01,4,TUCUMÁN,137329,95.0,137424,Q4
2014-01-01,3,BUENOS AIRES,2835537,14028.0,2849565,Q3
2014-01-01,3,BUENOS AIRES,1307195,10630.0,1317825,Q3
2014-01-01,3,CATAMARCA,24665,21.0,24686,Q3
2014-01-01,3,CHACO,63710,36.0,63746,Q3
2014-01-01,3,CHUBUT,67130,2007.0,69137,Q3
2014-01-01,3,CÓRDOBA,585231,200.0,585431,Q3
2014-01-01,3,CORRIENTES,63516,33.0,63549,Q3
2014-01-01,3,ENTRE RÍOS,136618,115.0,136733,Q3
2014-01-01,3,FORMOSA,25873,64.0,25937,Q3
2014-01-01,3,JUJUY,33739,2.0,33741,Q3
2014-01-01,3,LA PAMPA,61861,564.0,62425,Q3
2014-01-01,3,LA RIOJA,15893,23.0,15916,Q3
2014-01-01,3,MENDOZA,166184,1740.0,167924,Q3
2014-01-01,3,MISIONES,75327,0.0,75327,Q3
2014-01-01,3,NEUQUÉN,100099,2268.0,102367,Q3
2014-01-01,3,RÍO NEGRO,96629,1151.0,97780,Q3
2014-01-01,3,SALTA,92929,25.0,92954,Q3
2014-01-01,3,SAN JUAN,51031,748.0,51779,Q3
2014-01-01,3,SAN LUIS,12683,363.0,13046,Q3
2014-01-01,3,SANTA CRUZ,25664,446.0,26110,Q3
2014-01-01,3,SANTA FE,520196,691.0,520887,Q3
2014-01-01,3,SANTIAGO DEL ESTERO,37539,9.0,37548,Q3
2014-01-01,3,TIERRA DEL FUEGO,28037,755.0,28792,Q3
2014-01-01,3,TUCUMÁN,131978,88.0,132066,Q3
2014-01-01,2,BUENOS AIRES,2750430,14116.0,2764546,Q2
2014-01-01,2,BUENOS AIRES,1299502,10713.0,1310215,Q2
2014-01-01,2,CATAMARCA,24660,23.0,24683,Q2
2014-01-01,2,CHACO,63243,36.0,63279,Q2
2014-01-01,2,CHUBUT,68503,2016.0,70519,Q2
2014-01-01,2,CÓRDOBA,576747,205.0,576952,Q2
2014-01-01,2,CORRIENTES,62925,33.0,62958,Q2
2014-01-01,2,ENTRE RÍOS,135468,115.0,135583,Q2
2014-01-01,2,FORMOSA,25535,65.0,25600,Q2
2014-01-01,2,JUJUY,34359,2.0,34361,Q2
2014-01-01,2,LA PAMPA,55048,580.0,55628,Q2
2014-01-01,2,LA RIOJA,15889,23.0,15912,Q2
2014-01-01,2,MENDOZA,165046,1761.0,166807,Q2
2014-01-01,2,MISIONES,74689,0.0,74689,Q2
2014-01-01,2,NEUQUÉN,90053,2235.0,92288,Q2
2014-01-01,2,RÍO NEGRO,94812,1145.0,95957,Q2
2014-01-01,2,SALTA,91949,25.0,91974,Q2
2014-01-01,2,SAN JUAN,50891,755.0,51646,Q2
2014-01-01,2,SAN LUIS,12691,364.0,13055,Q2
2014-01-01,2,SANTA CRUZ,26710,459.0,27169,Q2
2014-01-01,2,SANTA FE,511753,605.0,512358,Q2
2014-01-01,2,SANTIAGO DEL ESTERO,38002,9.0,38011,Q2
2014-01-01,2,TIERRA DEL FUEGO,27443,766.0,28209,Q2
2014-01-01,2,TUCUMÁN,131981,88.0,132069,Q2
2014-01-01,1,BUENOS AIRES,2725732,14144.0,2739876,Q1
2014-01-01,1,BUENOS AIRES,1289204,10714.0,1299918,Q1
2014-01-01,1,CATAMARCA,24209,23.0,24232,Q1
2014-01-01,1,CHACO,62520,36.0,62556,Q1
2014-01-01,1,CHUBUT,68205,2016.0,70221,Q1
2014-01-01,1,CÓRDOBA,566705,205.0,566910,Q1
2014-01-01,1,CORRIENTES,62203,33.0,62236,Q1
2014-01-01,1,ENTRE RÍOS,134216,115.0,134331,Q1
2014-01-01,1,FORMOSA,25335,87.0,25422,Q1
2014-01-01,1,JUJUY,33825,2.0,33827,Q1
2014-01-01,1,LA PAMPA,53601,592.0,54193,Q1
2014-01-01,1,LA RIOJA,15688,23.0,15711,Q1
2014-01-01,1,MENDOZA,164084,1761.0,165845,Q1
2014-01-01,1,MISIONES,73950,0.0,73950,Q1
2014-01-01,1,NEUQUÉN,88077,2303.0,90380,Q1
2014-01-01,1,RÍO NEGRO,93909,1157.0,95066,Q1
2014-01-01,1,SALTA,91265,25.0,91290,Q1
2014-01-01,1,SAN JUAN,50543,755.0,51298,Q1
2014-01-01,1,SAN LUIS,12193,364.0,12557,Q1
2014-01-01,1,SANTA CRUZ,26304,460.0,26764,Q1
2014-01-01,1,SANTA FE,506000,612.0,506612,Q1
2014-01-01,1,SANTIAGO DEL ESTERO,37124,9.0,37133,Q1
2014-01-01,1,TIERRA DEL FUEGO,27272,766.0,28038,Q1
2014-01-01,1,TUCUMÁN,129944,88.0,130032,Q1
