Año,Trimestre,Provincia,Mbps (Media de bajada),Trimestre_Label
2024-01-01,2,BUENOS AIRES,157.41,Q2
2024-01-01,2,BUENOS AIRES,233.01,Q2
2024-01-01,2,CATAMARCA,97.38,Q2
2024-01-01,2,CHACO,107.76,Q2
2024-01-01,2,CHUBUT,21.67,Q2
2024-01-01,2,CÓRDOBA,117.39,Q2
2024-01-01,2,CORRIENTES,104.26,Q2
2024-01-01,2,ENTRE RÍOS,100.98,Q2
2024-01-01,2,FORMOSA,82.66,Q2
2024-01-01,2,JUJUY,49.87,Q2
2024-01-01,2,LA PAMPA,28.73,Q2
2024-01-01,2,LA RIOJA,64.24,Q2
2024-01-01,2,MENDOZA,55.32,Q2
2024-01-01,2,MISIONES,96.15,Q2
2024-01-01,2,NEUQUÉN,97.04,Q2
2024-01-01,2,RÍO NEGRO,75.05,Q2
2024-01-01,2,SALTA,87.03,Q2
2024-01-01,2,SAN JUAN,32.17,Q2
2024-01-01,2,SAN LUIS,181.61,Q2
2024-01-01,2,SANTA CRUZ,29.89,Q2
2024-01-01,2,SANTA FE,102.51,Q2
2024-01-01,2,SANTIAGO DEL ESTERO,48.95,Q2
2024-01-01,2,TIERRA DEL FUEGO,22.09,Q2
2024-01-01,2,TUCUMÁN,108.93,Q2
2024-01-01,1,BUENOS AIRES,159.13,Q1
2024-01-01,1,BUENOS AIRES,229.94,Q1
2024-01-01,1,CATAMARCA,91.45,Q1
2024-01-01,1,CHACO,107.51,Q1
2024-01-01,1,CHUBUT,20.5,Q1
2024-01-01,1,CÓRDOBA,114.89,Q1
2024-01-01,1,CORRIENTES,102.49,Q1
2024-01-01,1,ENTRE RÍOS,101.36,Q1
2024-01-01,1,FORMOSA,83.8,Q1
2024-01-01,1,JUJUY,47.52,Q1
2024-01-01,1,LA PAMPA,26.55,Q1
2024-01-01,1,LA RIOJA,63.71,Q1
2024-01-01,1,MENDOZA,51.85,Q1
2024-01-01,1,MISIONES,94.98,Q1
2024-01-01,1,NEUQUÉN,98.16,Q1
2024-01-01,1,RÍO NEGRO,75.0,Q1
2024-01-01,1,SALTA,84.34,Q1
2024-01-01,1,SAN JUAN,30.58,Q1
2024-01-01,1,SAN LUIS,179.49,Q1
2024-01-01,1,SANTA CRUZ,31.6,Q1
2024-01-01,1,SANTA FE,100.2,Q1
2024-01-01,1,SANTIAGO DEL ESTERO,44.9,Q1
2024-01-01,1,TIERRA DEL FUEGO,21.54,Q1
2024-01-01,1,TUCUMÁN,103.36,Q1
2023-01-01,4,BUENOS AIRES,158.49,Q4
2023-01-01,4,BUENOS AIRES,234.44,Q4
2023-01-01,4,CATAMARCA,89.4,Q4
2023-01-01,4,CHACO,107.14,Q4
2023-01-01,4,CHUBUT,20.29,Q4
2023-01-01,4,CÓRDOBA,114.03,Q4
2023-01-01,4,CORRIENTES,100.9,Q4
2023-01-01,4,ENTRE RÍOS,101.18,Q4
2023-01-01,4,FORMOSA,83.35,Q4
2023-01-01,4,JUJUY,46.2,Q4
2023-01-01,4,LA PAMPA,25.61,Q4
2023-01-01,4,LA RIOJA,64.18,Q4
2023-01-01,4,MENDOZA,49.46,Q4
2023-01-01,4,MISIONES,93.65,Q4
2023-01-01,4,NEUQUÉN,99.63,Q4
2023-01-01,4,RÍO NEGRO,74.37,Q4
2023-01-01,4,SALTA,83.04,Q4
2023-01-01,4,SAN JUAN,24.78,Q4
2023-01-01,4,SAN LUIS,174.59,Q4
2023-01-01,4,SANTA CRUZ,36.77,Q4
2023-01-01,4,SANTA FE,99.81,Q4
2023-01-01,4,SANTIAGO DEL ESTERO,44.22,Q4
2023-01-01,4,TIERRA DEL FUEGO,17.92,Q4
2023-01-01,4,TUCUMÁN,101.55,Q4
2023-01-01,3,BUENOS AIRES,146.84,Q3
2023-01-01,3,BUENOS AIRES,218.13,Q3
2023-01-01,3,CATAMARCA,87.9,Q3
2023-01-01,3,CHACO,107.5,Q3
2023-01-01,3,CHUBUT,19.26,Q3
2023-01-01,3,CÓRDOBA,111.5,Q3
2023-01-01,3,CORRIENTES,99.64,Q3
2023-01-01,3,ENTRE RÍOS,96.26,Q3
2023-01-01,3,FORMOSA,80.29,Q3
2023-01-01,3,JUJUY,44.55,Q3
2023-01-01,3,LA PAMPA,24.21,Q3
2023-01-01,3,LA RIOJA,63.84,Q3
2023-01-01,3,MENDOZA,46.96,Q3
2023-01-01,3,MISIONES,91.49,Q3
2023-01-01,3,NEUQUÉN,96.57,Q3
2023-01-01,3,RÍO NEGRO,70.93,Q3
2023-01-01,3,SALTA,80.8,Q3
2023-01-01,3,SAN JUAN,24.45,Q3
2023-01-01,3,SAN LUIS,104.97,Q3
2023-01-01,3,SANTA CRUZ,15.67,Q3
2023-01-01,3,SANTA FE,97.39,Q3
2023-01-01,3,SANTIAGO DEL ESTERO,41.46,Q3
2023-01-01,3,TIERRA DEL FUEGO,17.17,Q3
2023-01-01,3,TUCUMÁN,98.85,Q3
2023-01-01,2,BUENOS AIRES,138.35,Q2
2023-01-01,2,BUENOS AIRES,208.01,Q2
2023-01-01,2,CATAMARCA,86.13,Q2
2023-01-01,2,CHACO,105.45,Q2
2023-01-01,2,CHUBUT,18.58,Q2
2023-01-01,2,CÓRDOBA,111.82,Q2
2023-01-01,2,CORRIENTES,97.21,Q2
2023-01-01,2,ENTRE RÍOS,89.37,Q2
2023-01-01,2,FORMOSA,77.32,Q2
2023-01-01,2,JUJUY,43.56,Q2
2023-01-01,2,LA PAMPA,22.78,Q2
2023-01-01,2,LA RIOJA,63.55,Q2
2023-01-01,2,MENDOZA,42.69,Q2
2023-01-01,2,MISIONES,90.55,Q2
2023-01-01,2,NEUQUÉN,93.97,Q2
2023-01-01,2,RÍO NEGRO,70.76,Q2
2023-01-01,2,SALTA,79.1,Q2
2023-01-01,2,SAN JUAN,20.39,Q2
2023-01-01,2,SAN LUIS,103.84,Q2
2023-01-01,2,SANTA CRUZ,15.48,Q2
2023-01-01,2,SANTA FE,94.87,Q2
2023-01-01,2,SANTIAGO DEL ESTERO,37.62,Q2
2023-01-01,2,TIERRA DEL FUEGO,16.92,Q2
2023-01-01,2,TUCUMÁN,96.69,Q2
2023-01-01,1,BUENOS AIRES,116.18,Q1
2023-01-01,1,BUENOS AIRES,188.65,Q1
2023-01-01,1,CATAMARCA,87.41,Q1
2023-01-01,1,CHACO,104.33,Q1
2023-01-01,1,CHUBUT,18.36,Q1
2023-01-01,1,CÓRDOBA,109.57,Q1
2023-01-01,1,CORRIENTES,94.8,Q1
2023-01-01,1,ENTRE RÍOS,86.71,Q1
2023-01-01,1,FORMOSA,73.96,Q1
2023-01-01,1,JUJUY,42.75,Q1
2023-01-01,1,LA PAMPA,20.09,Q1
2023-01-01,1,LA RIOJA,63.13,Q1
2023-01-01,1,MENDOZA,41.45,Q1
2023-01-01,1,MISIONES,89.81,Q1
2023-01-01,1,NEUQUÉN,93.42,Q1
2023-01-01,1,RÍO NEGRO,74.4,Q1
2023-01-01,1,SALTA,76.85,Q1
2023-01-01,1,SAN JUAN,18.7,Q1
2023-01-01,1,SAN LUIS,55.85,Q1
2023-01-01,1,SANTA CRUZ,14.98,Q1
2023-01-01,1,SANTA FE,92.22,Q1
2023-01-01,1,SANTIAGO DEL ESTERO,36.27,Q1
2023-01-01,1,TIERRA DEL FUEGO,14.58,Q1
2023-01-01,1,TUCUMÁN,95.79,Q1
2022-01-01,4,BUENOS AIRES,111.0,Q4
2022-01-01,4,BUENOS AIRES,182.86,Q4
2022-01-01,4,CATAMARCA,83.33,Q4
2022-01-01,4,CHACO,104.02,Q4
2022-01-01,4,CHUBUT,15.92,Q4
2022-01-01,4,CÓRDOBA,108.77,Q4
2022-01-01,4,CORRIENTES,94.72,Q4
2022-01-01,4,ENTRE RÍOS,87.47,Q4
2022-01-01,4,FORMOSA,72.03,Q4
2022-01-01,4,JUJUY,39.32,Q4
2022-01-01,4,LA PAMPA,19.1,Q4
2022-01-01,4,LA RIOJA,61.0,Q4
2022-01-01,4,MENDOZA,38.76,Q4
2022-01-01,4,MISIONES,91.24,Q4
2022-01-01,4,NEUQUÉN,95.37,Q4
2022-01-01,4,RÍO NEGRO,75.31,Q4
2022-01-01,4,SALTA,75.93,Q4
2022-01-01,4,SAN JUAN,16.39,Q4
2022-01-01,4,SAN LUIS,30.67,Q4
2022-01-01,4,SANTA CRUZ,14.33,Q4
2022-01-01,4,SANTA FE,90.3,Q4
2022-01-01,4,SANTIAGO DEL ESTERO,34.4,Q4
2022-01-01,4,TIERRA DEL FUEGO,13.48,Q4
2022-01-01,4,TUCUMÁN,88.33,Q4
2022-01-01,3,BUENOS AIRES,70.19,Q3
2022-01-01,3,BUENOS AIRES,101.05,Q3
2022-01-01,3,CATAMARCA,60.99,Q3
2022-01-01,3,CHACO,53.21,Q3
2022-01-01,3,CHUBUT,15.57,Q3
2022-01-01,3,CÓRDOBA,56.32,Q3
2022-01-01,3,CORRIENTES,45.07,Q3
2022-01-01,3,ENTRE RÍOS,42.49,Q3
2022-01-01,3,FORMOSA,30.35,Q3
2022-01-01,3,JUJUY,32.43,Q3
2022-01-01,3,LA PAMPA,18.1,Q3
2022-01-01,3,LA RIOJA,44.3,Q3
2022-01-01,3,MENDOZA,34.16,Q3
2022-01-01,3,MISIONES,49.3,Q3
2022-01-01,3,NEUQUÉN,47.81,Q3
2022-01-01,3,RÍO NEGRO,34.13,Q3
2022-01-01,3,SALTA,41.33,Q3
2022-01-01,3,SAN JUAN,15.84,Q3
2022-01-01,3,SAN LUIS,19.33,Q3
2022-01-01,3,SANTA CRUZ,12.6,Q3
2022-01-01,3,SANTA FE,45.15,Q3
2022-01-01,3,SANTIAGO DEL ESTERO,17.69,Q3
2022-01-01,3,TIERRA DEL FUEGO,11.01,Q3
2022-01-01,3,TUCUMÁN,53.36,Q3
2022-01-01,2,BUENOS AIRES,65.5,Q2
2022-01-01,2,BUENOS AIRES,93.97,Q2
2022-01-01,2,CATAMARCA,56.56,Q2
2022-01-01,2,CHACO,50.61,Q2
2022-01-01,2,CHUBUT,14.91,Q2
2022-01-01,2,CÓRDOBA,53.51,Q2
2022-01-01,2,CORRIENTES,43.31,Q2
2022-01-01,2,ENTRE RÍOS,40.03,Q2
2022-01-01,2,FORMOSA,28.47,Q2
2022-01-01,2,JUJUY,29.39,Q2
2022-01-01,2,LA PAMPA,16.07,Q2
2022-01-01,2,LA RIOJA,43.28,Q2
2022-01-01,2,MENDOZA,29.72,Q2
2022-01-01,2,MISIONES,46.23,Q2
2022-01-01,2,NEUQUÉN,46.53,Q2
2022-01-01,2,RÍO NEGRO,33.26,Q2
2022-01-01,2,SALTA,38.77,Q2
2022-01-01,2,SAN JUAN,14.44,Q2
2022-01-01,2,SAN LUIS,19.32,Q2
2022-01-01,2,SANTA CRUZ,11.81,Q2
2022-01-01,2,SANTA FE,42.01,Q2
2022-01-01,2,SANTIAGO DEL ESTERO,16.34,Q2
2022-01-01,2,TIERRA DEL FUEGO,10.97,Q2
2022-01-01,2,TUCUMÁN,50.09,Q2
2022-01-01,1,BUENOS AIRES,62.51,Q1
2022-01-01,1,BUENOS AIRES,88.22,Q1
2022-01-01,1,CATAMARCA,51.22,Q1
2022-01-01,1,CHACO,45.84,Q1
2022-01-01,1,CHUBUT,13.4,Q1
2022-01-01,1,CÓRDOBA,49.89,Q1
2022-01-01,1,CORRIENTES,38.11,Q1
2022-01-01,1,ENTRE RÍOS,35.59,Q1
2022-01-01,1,FORMOSA,30.28,Q1
2022-01-01,1,JUJUY,27.69,Q1
2022-01-01,1,LA PAMPA,14.84,Q1
2022-01-01,1,LA RIOJA,41.37,Q1
2022-01-01,1,MENDOZA,26.2,Q1
2022-01-01,1,MISIONES,41.87,Q1
2022-01-01,1,NEUQUÉN,43.05,Q1
2022-01-01,1,RÍO NEGRO,31.09,Q1
2022-01-01,1,SALTA,36.71,Q1
2022-01-01,1,SAN JUAN,11.99,Q1
2022-01-01,1,SAN LUIS,20.95,Q1
2022-01-01,1,SANTA CRUZ,10.89,Q1
2022-01-01,1,SANTA FE,38.89,Q1
2022-01-01,1,SANTIAGO DEL ESTERO,14.5,Q1
2022-01-01,1,TIERRA DEL FUEGO,10.73,Q1
2022-01-01,1,TUCUMÁN,47.24,Q1
2021-01-01,4,BUENOS AIRES,60.2091238315554,Q4
2021-01-01,4,BUENOS AIRES,82.9499549654225,Q4
2021-01-01,4,CATAMARCA,46.3800577589391,Q4
2021-01-01,4,CHACO,42.3426375146886,Q4
2021-01-01,4,CHUBUT,9.08266063855547,Q4
2021-01-01,4,CÓRDOBA,46.3609074579921,Q4
2021-01-01,4,CORRIENTES,35.772659194287,Q4
2021-01-01,4,ENTRE RÍOS,33.3171258416746,Q4
2021-01-01,4,FORMOSA,28.7576489476942,Q4
2021-01-01,4,JUJUY,27.1443430384171,Q4
2021-01-01,4,LA PAMPA,13.8538828428544,Q4
2021-01-01,4,LA RIOJA,39.69594513668,Q4
2021-01-01,4,MENDOZA,22.2315834010052,Q4
2021-01-01,4,MISIONES,38.9033492509076,Q4
2021-01-01,4,NEUQUÉN,40.0925301111676,Q4
2021-01-01,4,RÍO NEGRO,27.2031704548921,Q4
2021-01-01,4,SALTA,33.9406397449852,Q4
2021-01-01,4,SAN JUAN,11.0527493081578,Q4
2021-01-01,4,SAN LUIS,20.9097244480146,Q4
2021-01-01,4,SANTA CRUZ,8.99065098447755,Q4
2021-01-01,4,SANTA FE,36.0240238372751,Q4
2021-01-01,4,SANTIAGO DEL ESTERO,13.8408868495151,Q4
2021-01-01,4,TIERRA DEL FUEGO,10.6967049440505,Q4
2021-01-01,4,TUCUMÁN,45.1481224333995,Q4
2021-01-01,3,BUENOS AIRES,56.2575509246959,Q3
2021-01-01,3,BUENOS AIRES,77.7120710690731,Q3
2021-01-01,3,CATAMARCA,43.4333359976317,Q3
2021-01-01,3,CHACO,39.1131358092076,Q3
2021-01-01,3,CHUBUT,8.1768603631366,Q3
2021-01-01,3,CÓRDOBA,41.927787245662,Q3
2021-01-01,3,CORRIENTES,32.1689008278583,Q3
2021-01-01,3,ENTRE RÍOS,29.6012318794928,Q3
2021-01-01,3,FORMOSA,26.6894267849467,Q3
2021-01-01,3,JUJUY,25.9807025202975,Q3
2021-01-01,3,LA PAMPA,12.9916150724036,Q3
2021-01-01,3,LA RIOJA,38.8679518544504,Q3
2021-01-01,3,MENDOZA,13.3651561731845,Q3
2021-01-01,3,MISIONES,30.878718314265,Q3
2021-01-01,3,NEUQUÉN,38.3422231542874,Q3
2021-01-01,3,RÍO NEGRO,25.4000651971487,Q3
2021-01-01,3,SALTA,31.2096818570388,Q3
2021-01-01,3,SAN JUAN,7.04130082039497,Q3
2021-01-01,3,SAN LUIS,21.6987070711638,Q3
2021-01-01,3,SANTA CRUZ,7.69232694181298,Q3
2021-01-01,3,SANTA FE,33.1322962473813,Q3
2021-01-01,3,SANTIAGO DEL ESTERO,13.3527235335196,Q3
2021-01-01,3,TIERRA DEL FUEGO,9.52,Q3
2021-01-01,3,TUCUMÁN,42.1011853057148,Q3
2021-01-01,2,BUENOS AIRES,52.7554293700371,Q2
2021-01-01,2,BUENOS AIRES,72.7467500323148,Q2
2021-01-01,2,CATAMARCA,42.1850637677911,Q2
2021-01-01,2,CHACO,37.3969095962221,Q2
2021-01-01,2,CHUBUT,7.67690621713348,Q2
2021-01-01,2,CÓRDOBA,39.5901164899479,Q2
2021-01-01,2,CORRIENTES,30.3680548020057,Q2
2021-01-01,2,ENTRE RÍOS,27.6189730620356,Q2
2021-01-01,2,FORMOSA,23.9663045280676,Q2
2021-01-01,2,JUJUY,25.8124778568622,Q2
2021-01-01,2,LA PAMPA,12.2792237380482,Q2
2021-01-01,2,LA RIOJA,38.5348943830077,Q2
2021-01-01,2,MENDOZA,13.465987205003,Q2
2021-01-01,2,MISIONES,28.6822217353969,Q2
2021-01-01,2,NEUQUÉN,36.1097214584669,Q2
2021-01-01,2,RÍO NEGRO,23.7484466814427,Q2
2021-01-01,2,SALTA,29.2393542207424,Q2
2021-01-01,2,SAN JUAN,6.99316260162602,Q2
2021-01-01,2,SAN LUIS,21.6618899896392,Q2
2021-01-01,2,SANTA CRUZ,7.6296670052024,Q2
2021-01-01,2,SANTA FE,30.7018831645519,Q2
2021-01-01,2,SANTIAGO DEL ESTERO,12.7187978386833,Q2
2021-01-01,2,TIERRA DEL FUEGO,8.59192142648348,Q2
2021-01-01,2,TUCUMÁN,40.3099203285136,Q2
2021-01-01,1,BUENOS AIRES,50.7856560850651,Q1
2021-01-01,1,BUENOS AIRES,68.290268867969,Q1
2021-01-01,1,CATAMARCA,39.9665262396528,Q1
2021-01-01,1,CHACO,33.6262012999863,Q1
2021-01-01,1,CHUBUT,7.5315274091442,Q1
2021-01-01,1,CÓRDOBA,36.1687993284376,Q1
2021-01-01,1,CORRIENTES,25.9851713597201,Q1
2021-01-01,1,ENTRE RÍOS,23.8713343731836,Q1
2021-01-01,1,FORMOSA,20.9803275069752,Q1
2021-01-01,1,JUJUY,26.777362312404,Q1
2021-01-01,1,LA PAMPA,10.7285119295318,Q1
2021-01-01,1,LA RIOJA,12.6975547321819,Q1
2021-01-01,1,MENDOZA,12.5993612452542,Q1
2021-01-01,1,MISIONES,25.0768261260814,Q1
2021-01-01,1,NEUQUÉN,34.2385026475364,Q1
2021-01-01,1,RÍO NEGRO,21.923906760831,Q1
2021-01-01,1,SALTA,27.3188406940498,Q1
2021-01-01,1,SAN JUAN,6.91008999538207,Q1
2021-01-01,1,SAN LUIS,21.5943798047108,Q1
2021-01-01,1,SANTA CRUZ,7.50153184753176,Q1
2021-01-01,1,SANTA FE,28.1306300731529,Q1
2021-01-01,1,SANTIAGO DEL ESTERO,11.5841745164981,Q1
2021-01-01,1,TIERRA DEL FUEGO,8.7347523962779,Q1
2021-01-01,1,TUCUMÁN,37.9796195819083,Q1
2020-01-01,4,BUENOS AIRES,50.0083808396358,Q4
2020-01-01,4,BUENOS AIRES,67.3251367687937,Q4
2020-01-01,4,CATAMARCA,37.6500877273544,Q4
2020-01-01,4,CHACO,32.452046764181,Q4
2020-01-01,4,CHUBUT,7.38308762641474,Q4
2020-01-01,4,CÓRDOBA,35.1206012418839,Q4
2020-01-01,4,CORRIENTES,25.4467008966306,Q4
2020-01-01,4,ENTRE RÍOS,24.0532782530605,Q4
2020-01-01,4,FORMOSA,19.6983490087788,Q4
2020-01-01,4,JUJUY,25.2063932841615,Q4
2020-01-01,4,LA PAMPA,9.87560517086093,Q4
2020-01-01,4,LA RIOJA,12.5346559805983,Q4
2020-01-01,4,MENDOZA,11.0931713194572,Q4
2020-01-01,4,MISIONES,24.9566177796804,Q4
2020-01-01,4,NEUQUÉN,33.9078648667739,Q4
2020-01-01,4,RÍO NEGRO,21.63671918985,Q4
2020-01-01,4,SALTA,25.3224396507447,Q4
2020-01-01,4,SAN JUAN,6.41286739795318,Q4
2020-01-01,4,SAN LUIS,21.2529540821891,Q4
2020-01-01,4,SANTA CRUZ,7.49210862811905,Q4
2020-01-01,4,SANTA FE,27.2943524462156,Q4
2020-01-01,4,SANTIAGO DEL ESTERO,11.280765527512,Q4
2020-01-01,4,TIERRA DEL FUEGO,8.48680694933787,Q4
2020-01-01,4,TUCUMÁN,36.442246829153,Q4
2020-01-01,3,BUENOS AIRES,48.3766239081151,Q3
2020-01-01,3,BUENOS AIRES,63.8085202560717,Q3
2020-01-01,3,CATAMARCA,36.5404366073298,Q3
2020-01-01,3,CHACO,30.8027269485642,Q3
2020-01-01,3,CHUBUT,7.40207444184479,Q3
2020-01-01,3,CÓRDOBA,33.5111949741979,Q3
2020-01-01,3,CORRIENTES,23.851523971243,Q3
2020-01-01,3,ENTRE RÍOS,22.4325986462062,Q3
2020-01-01,3,FORMOSA,18.2828320694304,Q3
2020-01-01,3,JUJUY,21.91041968687,Q3
2020-01-01,3,LA PAMPA,10.6976309054021,Q3
2020-01-01,3,LA RIOJA,12.1947037670582,Q3
2020-01-01,3,MENDOZA,10.1874910345956,Q3
2020-01-01,3,MISIONES,24.1417618725215,Q3
2020-01-01,3,NEUQUÉN,31.4609040270338,Q3
2020-01-01,3,RÍO NEGRO,21.0777787032588,Q3
2020-01-01,3,SALTA,25.2611559240277,Q3
2020-01-01,3,SAN JUAN,6.02786479358268,Q3
2020-01-01,3,SAN LUIS,20.8499281337887,Q3
2020-01-01,3,SANTA CRUZ,6.64936371202663,Q3
2020-01-01,3,SANTA FE,25.6909413412681,Q3
2020-01-01,3,SANTIAGO DEL ESTERO,10.8790172706597,Q3
2020-01-01,3,TIERRA DEL FUEGO,8.50667605547561,Q3
2020-01-01,3,TUCUMÁN,34.8358016986155,Q3
2020-01-01,2,BUENOS AIRES,45.6619736321228,Q2
2020-01-01,2,BUENOS AIRES,60.4844973584038,Q2
2020-01-01,2,CATAMARCA,34.9259564285714,Q2
2020-01-01,2,CHACO,27.9522846743643,Q2
2020-01-01,2,CHUBUT,7.60548798455908,Q2
2020-01-01,2,CÓRDOBA,30.9875776371395,Q2
2020-01-01,2,CORRIENTES,22.1503060625758,Q2
2020-01-01,2,ENTRE RÍOS,20.4486211784426,Q2
2020-01-01,2,FORMOSA,16.8702589931144,Q2
2020-01-01,2,JUJUY,15.8640136318626,Q2
2020-01-01,2,LA PAMPA,8.0288622555984,Q2
2020-01-01,2,LA RIOJA,11.6691109619773,Q2
2020-01-01,2,MENDOZA,9.27456273209416,Q2
2020-01-01,2,MISIONES,22.5601226175832,Q2
2020-01-01,2,NEUQUÉN,29.1001476238785,Q2
2020-01-01,2,RÍO NEGRO,19.6795960472832,Q2
2020-01-01,2,SALTA,22.5585361879566,Q2
2020-01-01,2,SAN JUAN,6.30861496319647,Q2
2020-01-01,2,SAN LUIS,21.0206269368907,Q2
2020-01-01,2,SANTA CRUZ,6.59320241817803,Q2
2020-01-01,2,SANTA FE,23.9257916089841,Q2
2020-01-01,2,SANTIAGO DEL ESTERO,10.411619106122,Q2
2020-01-01,2,TIERRA DEL FUEGO,8.12832939545727,Q2
2020-01-01,2,TUCUMÁN,32.704534437188,Q2
2020-01-01,1,BUENOS AIRES,45.1812880737555,Q1
2020-01-01,1,BUENOS AIRES,58.7056829624225,Q1
2020-01-01,1,CATAMARCA,29.1322250129396,Q1
2020-01-01,1,CHACO,25.94204933412169,Q1
2020-01-01,1,CHUBUT,7.1170477818654,Q1
2020-01-01,1,CÓRDOBA,29.3947878350613,Q1
2020-01-01,1,CORRIENTES,20.5389992749433,Q1
2020-01-01,1,ENTRE RÍOS,19.0297653350575,Q1
2020-01-01,1,FORMOSA,15.6973526074151,Q1
2020-01-01,1,JUJUY,14.1449220571547,Q1
2020-01-01,1,LA PAMPA,7.29175772047483,Q1
2020-01-01,1,LA RIOJA,7.96241894715069,Q1
2020-01-01,1,MENDOZA,8.440867710217,Q1
2020-01-01,1,MISIONES,22.1482130684363,Q1
2020-01-01,1,NEUQUÉN,27.7682820789762,Q1
2020-01-01,1,RÍO NEGRO,19.0603005640612,Q1
2020-01-01,1,SALTA,21.4250472439027,Q1
2020-01-01,1,SAN JUAN,6.0369845914841,Q1
2020-01-01,1,SAN LUIS,20.9893797442827,Q1
2020-01-01,1,SANTA CRUZ,6.41717062736403,Q1
2020-01-01,1,SANTA FE,22.4240567700362,Q1
2020-01-01,1,SANTIAGO DEL ESTERO,10.0005390804948,Q1
2020-01-01,1,TIERRA DEL FUEGO,7.41086583769633,Q1
2020-01-01,1,TUCUMÁN,32.2455309430329,Q1
2019-01-01,4,BUENOS AIRES,30.7696941410059,Q4
2019-01-01,4,BUENOS AIRES,44.2031786700859,Q4
2019-01-01,4,CATAMARCA,24.8783076704626,Q4
2019-01-01,4,CHACO,23.3749508001623,Q4
2019-01-01,4,CHUBUT,6.99411352344506,Q4
2019-01-01,4,CÓRDOBA,26.1622806145129,Q4
2019-01-01,4,CORRIENTES,19.2554116079714,Q4
2019-01-01,4,ENTRE RÍOS,17.0075808976571,Q4
2019-01-01,4,FORMOSA,14.5256295515193,Q4
2019-01-01,4,JUJUY,12.9592000428042,Q4
2019-01-01,4,LA PAMPA,6.52615219569304,Q4
2019-01-01,4,LA RIOJA,8.00088036402963,Q4
2019-01-01,4,MENDOZA,7.78520088998709,Q4
2019-01-01,4,MISIONES,20.3203474357427,Q4
2019-01-01,4,NEUQUÉN,26.0198843147829,Q4
2019-01-01,4,RÍO NEGRO,17.176998973856,Q4
2019-01-01,4,SALTA,19.0835730228338,Q4
2019-01-01,4,SAN JUAN,6.04017169846849,Q4
2019-01-01,4,SAN LUIS,20.6903534221431,Q4
2019-01-01,4,SANTA CRUZ,5.20792506406971,Q4
2019-01-01,4,SANTA FE,20.5471970198073,Q4
2019-01-01,4,SANTIAGO DEL ESTERO,9.79220184435585,Q4
2019-01-01,4,TIERRA DEL FUEGO,7.27,Q4
2019-01-01,4,TUCUMÁN,29.8703893243128,Q4
2019-01-01,3,BUENOS AIRES,25.6793801438341,Q3
2019-01-01,3,BUENOS AIRES,38.7141005607114,Q3
2019-01-01,3,CATAMARCA,9.29340742945983,Q3
2019-01-01,3,CHACO,19.9946681226854,Q3
2019-01-01,3,CHUBUT,6.96632358847429,Q3
2019-01-01,3,CÓRDOBA,23.1934023649398,Q3
2019-01-01,3,CORRIENTES,16.6999225509086,Q3
2019-01-01,3,ENTRE RÍOS,14.6951328665006,Q3
2019-01-01,3,FORMOSA,13.223537484062,Q3
2019-01-01,3,JUJUY,11.9682409299243,Q3
2019-01-01,3,LA PAMPA,5.71966646489104,Q3
2019-01-01,3,LA RIOJA,8.00237529691211,Q3
2019-01-01,3,MENDOZA,6.10822854552147,Q3
2019-01-01,3,MISIONES,17.9315224613728,Q3
2019-01-01,3,NEUQUÉN,23.7484151599667,Q3
2019-01-01,3,RÍO NEGRO,15.9837185039992,Q3
2019-01-01,3,SALTA,14.7464652444555,Q3
2019-01-01,3,SAN JUAN,6.0382295086509,Q3
2019-01-01,3,SAN LUIS,19.7438269823496,Q3
2019-01-01,3,SANTA CRUZ,5.01774694095645,Q3
2019-01-01,3,SANTA FE,18.1655296866879,Q3
2019-01-01,3,SANTIAGO DEL ESTERO,9.38941313142636,Q3
2019-01-01,3,TIERRA DEL FUEGO,6.69070138014341,Q3
2019-01-01,3,TUCUMÁN,19.3239947945805,Q3
2019-01-01,2,BUENOS AIRES,22.4800460185574,Q2
2019-01-01,2,BUENOS AIRES,30.346259857092,Q2
2019-01-01,2,CATAMARCA,8.81,Q2
2019-01-01,2,CHACO,16.0102433309966,Q2
2019-01-01,2,CHUBUT,6.05440689354379,Q2
2019-01-01,2,CÓRDOBA,18.4315178319128,Q2
2019-01-01,2,CORRIENTES,13.8330350838162,Q2
2019-01-01,2,ENTRE RÍOS,12.1933578179506,Q2
2019-01-01,2,FORMOSA,10.8366112194808,Q2
2019-01-01,2,JUJUY,12.0733822805073,Q2
2019-01-01,2,LA PAMPA,5.49228832141797,Q2
2019-01-01,2,LA RIOJA,7.89416348600509,Q2
2019-01-01,2,MENDOZA,6.02629690452623,Q2
2019-01-01,2,MISIONES,14.5013025473924,Q2
2019-01-01,2,NEUQUÉN,17.242865250196,Q2
2019-01-01,2,RÍO NEGRO,11.6280502043199,Q2
2019-01-01,2,SALTA,12.5487487506016,Q2
2019-01-01,2,SAN JUAN,6.11852201306904,Q2
2019-01-01,2,SAN LUIS,19.8759728483994,Q2
2019-01-01,2,SANTA CRUZ,6.00804731756081,Q2
2019-01-01,2,SANTA FE,15.0745490588903,Q2
2019-01-01,2,SANTIAGO DEL ESTERO,7.10311288296652,Q2
2019-01-01,2,TIERRA DEL FUEGO,6.34,Q2
2019-01-01,2,TUCUMÁN,18.5293178859203,Q2
2019-01-01,1,BUENOS AIRES,19.6439582242305,Q1
2019-01-01,1,BUENOS AIRES,24.7150632938498,Q1
2019-01-01,1,CATAMARCA,7.96400515527188,Q1
2019-01-01,1,CHACO,13.4442362690779,Q1
2019-01-01,1,CHUBUT,5.89173056919616,Q1
2019-01-01,1,CÓRDOBA,15.7348642286459,Q1
2019-01-01,1,CORRIENTES,12.049695550812,Q1
2019-01-01,1,ENTRE RÍOS,10.659197328954,Q1
2019-01-01,1,FORMOSA,9.82508995783571,Q1
2019-01-01,1,JUJUY,8.56046421746506,Q1
2019-01-01,1,LA PAMPA,5.0578618428674,Q1
2019-01-01,1,LA RIOJA,7.09279228699204,Q1
2019-01-01,1,MENDOZA,5.7427641753174,Q1
2019-01-01,1,MISIONES,12.5127734596835,Q1
2019-01-01,1,NEUQUÉN,15.8846532639152,Q1
2019-01-01,1,RÍO NEGRO,10.4884206481363,Q1
2019-01-01,1,SALTA,10.3771000139695,Q1
2019-01-01,1,SAN JUAN,5.83926318942954,Q1
2019-01-01,1,SAN LUIS,8.70855518875459,Q1
2019-01-01,1,SANTA CRUZ,5.77999297039756,Q1
2019-01-01,1,SANTA FE,12.986963477266,Q1
2019-01-01,1,SANTIAGO DEL ESTERO,6.41507073796908,Q1
2019-01-01,1,TIERRA DEL FUEGO,6.3411014506123,Q1
2019-01-01,1,TUCUMÁN,16.5732999645796,Q1
2018-01-01,4,BUENOS AIRES,16.9343630101501,Q4
2018-01-01,4,BUENOS AIRES,22.9353019922347,Q4
2018-01-01,4,CATAMARCA,8.04392020265991,Q4
2018-01-01,4,CHACO,13.4920835702103,Q4
2018-01-01,4,CHUBUT,6.08522390368403,Q4
2018-01-01,4,CÓRDOBA,15.8136674336298,Q4
2018-01-01,4,CORRIENTES,12.1389233933877,Q4
2018-01-01,4,ENTRE RÍOS,11.023282490377,Q4
2018-01-01,4,FORMOSA,9.8168937119138,Q4
2018-01-01,4,JUJUY,8.56273760175261,Q4
2018-01-01,4,LA PAMPA,4.31909495794348,Q4
2018-01-01,4,LA RIOJA,7.09338212515489,Q4
2018-01-01,4,MENDOZA,5.74667510243432,Q4
2018-01-01,4,MISIONES,12.4951126741558,Q4
2018-01-01,4,NEUQUÉN,15.8912336460704,Q4
2018-01-01,4,RÍO NEGRO,10.4870055652755,Q4
2018-01-01,4,SALTA,10.4572840891359,Q4
2018-01-01,4,SAN JUAN,5.71526653935785,Q4
2018-01-01,4,SAN LUIS,8.81899279190052,Q4
2018-01-01,4,SANTA CRUZ,5.11950736477287,Q4
2018-01-01,4,SANTA FE,13.1792348999695,Q4
2018-01-01,4,SANTIAGO DEL ESTERO,6.30925524385175,Q4
2018-01-01,4,TIERRA DEL FUEGO,7.43656200821403,Q4
2018-01-01,4,TUCUMÁN,16.5832344455303,Q4
2018-01-01,3,BUENOS AIRES,16.7797351323622,Q3
2018-01-01,3,BUENOS AIRES,21.6433683640614,Q3
2018-01-01,3,CATAMARCA,7.80652194153063,Q3
2018-01-01,3,CHACO,12.8949618906093,Q3
2018-01-01,3,CHUBUT,6.07672232294286,Q3
2018-01-01,3,CÓRDOBA,14.8182495375679,Q3
2018-01-01,3,CORRIENTES,11.4932283654571,Q3
2018-01-01,3,ENTRE RÍOS,10.5247535062873,Q3
2018-01-01,3,FORMOSA,9.31849544106828,Q3
2018-01-01,3,JUJUY,7.66987215181415,Q3
2018-01-01,3,LA PAMPA,4.28304837616766,Q3
2018-01-01,3,LA RIOJA,6.1560132256261,Q3
2018-01-01,3,MENDOZA,5.78601567715813,Q3
2018-01-01,3,MISIONES,12.4874857587211,Q3
2018-01-01,3,NEUQUÉN,14.6742442866248,Q3
2018-01-01,3,RÍO NEGRO,10.0644600810675,Q3
2018-01-01,3,SALTA,9.26584817756241,Q3
2018-01-01,3,SAN JUAN,5.73820472587736,Q3
2018-01-01,3,SAN LUIS,8.81498757935413,Q3
2018-01-01,3,SANTA CRUZ,5.36971571660038,Q3
2018-01-01,3,SANTA FE,12.3573260434886,Q3
2018-01-01,3,SANTIAGO DEL ESTERO,5.77984251236905,Q3
2018-01-01,3,TIERRA DEL FUEGO,5.98788374717833,Q3
2018-01-01,3,TUCUMÁN,15.2559503624883,Q3
2018-01-01,2,BUENOS AIRES,14.6793755121758,Q2
2018-01-01,2,BUENOS AIRES,18.9381345892782,Q2
2018-01-01,2,CATAMARCA,7.69309650745294,Q2
2018-01-01,2,CHACO,12.4994601819958,Q2
2018-01-01,2,CHUBUT,5.32985773059891,Q2
2018-01-01,2,CÓRDOBA,13.8768094063495,Q2
2018-01-01,2,CORRIENTES,10.8776528955992,Q2
2018-01-01,2,ENTRE RÍOS,10.18670275176,Q2
2018-01-01,2,FORMOSA,8.97498653077717,Q2
2018-01-01,2,JUJUY,6.28934558921364,Q2
2018-01-01,2,LA PAMPA,4.09836417105747,Q2
2018-01-01,2,LA RIOJA,5.59186158436808,Q2
2018-01-01,2,MENDOZA,5.88052966304504,Q2
2018-01-01,2,MISIONES,11.759657402552,Q2
2018-01-01,2,NEUQUÉN,13.365011560108,Q2
2018-01-01,2,RÍO NEGRO,9.50959511437395,Q2
2018-01-01,2,SALTA,8.92827170644268,Q2
2018-01-01,2,SAN JUAN,5.84559783069231,Q2
2018-01-01,2,SAN LUIS,5.90057518488085,Q2
2018-01-01,2,SANTA CRUZ,5.18928995085579,Q2
2018-01-01,2,SANTA FE,11.7488846228176,Q2
2018-01-01,2,SANTIAGO DEL ESTERO,5.91100164699838,Q2
2018-01-01,2,TIERRA DEL FUEGO,5.94274505737592,Q2
2018-01-01,2,TUCUMÁN,13.5065457296271,Q2
2018-01-01,1,BUENOS AIRES,14.1988896446809,Q1
2018-01-01,1,BUENOS AIRES,17.7455773041801,Q1
2018-01-01,1,CATAMARCA,8.19886052871468,Q1
2018-01-01,1,CHACO,12.444064678645,Q1
2018-01-01,1,CHUBUT,5.41863793882778,Q1
2018-01-01,1,CÓRDOBA,12.7905712174005,Q1
2018-01-01,1,CORRIENTES,11.1185028652536,Q1
2018-01-01,1,ENTRE RÍOS,9.87523936699876,Q1
2018-01-01,1,FORMOSA,11.0568153674695,Q1
2018-01-01,1,JUJUY,6.74118587938453,Q1
2018-01-01,1,LA PAMPA,3.9951313520641,Q1
2018-01-01,1,LA RIOJA,5.89082060411163,Q1
2018-01-01,1,MENDOZA,5.88162696916937,Q1
2018-01-01,1,MISIONES,12.082189465143,Q1
2018-01-01,1,NEUQUÉN,11.9604599560741,Q1
2018-01-01,1,RÍO NEGRO,8.97624319436158,Q1
2018-01-01,1,SALTA,9.1894409821995,Q1
2018-01-01,1,SAN JUAN,5.85058103554975,Q1
2018-01-01,1,SAN LUIS,5.89436270457927,Q1
2018-01-01,1,SANTA CRUZ,5.18928995085579,Q1
2018-01-01,1,SANTA FE,11.173305005746,Q1
2018-01-01,1,SANTIAGO DEL ESTERO,6.24821072216304,Q1
2018-01-01,1,TIERRA DEL FUEGO,5.76808203603288,Q1
2018-01-01,1,TUCUMÁN,9.35563168480611,Q1
2017-01-01,4,BUENOS AIRES,12.9720825438982,Q4
2017-01-01,4,BUENOS AIRES,15.2022188691604,Q4
2017-01-01,4,CATAMARCA,7.78415435139573,Q4
2017-01-01,4,CHACO,11.7028681219594,Q4
2017-01-01,4,CHUBUT,5.40823807689014,Q4
2017-01-01,4,CÓRDOBA,11.6365847011566,Q4
2017-01-01,4,CORRIENTES,10.384400430892,Q4
2017-01-01,4,ENTRE RÍOS,9.29596061999907,Q4
2017-01-01,4,FORMOSA,10.1141704637663,Q4
2017-01-01,4,JUJUY,6.63882127356649,Q4
2017-01-01,4,LA PAMPA,3.9758194449815,Q4
2017-01-01,4,LA RIOJA,5.87758884950666,Q4
2017-01-01,4,MENDOZA,5.71002586675844,Q4
2017-01-01,4,MISIONES,11.3241237232496,Q4
2017-01-01,4,NEUQUÉN,10.7191515245403,Q4
2017-01-01,4,RÍO NEGRO,8.04552232467275,Q4
2017-01-01,4,SALTA,8.45174276777563,Q4
2017-01-01,4,SAN JUAN,5.83226007301013,Q4
2017-01-01,4,SAN LUIS,5.73220880135405,Q4
2017-01-01,4,SANTA CRUZ,5.20658482887451,Q4
2017-01-01,4,SANTA FE,10.2974946018472,Q4
2017-01-01,4,SANTIAGO DEL ESTERO,6.16560021498504,Q4
2017-01-01,4,TIERRA DEL FUEGO,5.20322570453684,Q4
2017-01-01,4,TUCUMÁN,9.10602130718706,Q4
2017-01-01,3,BUENOS AIRES,8.42570621185365,Q3
2017-01-01,3,BUENOS AIRES,10.6357202740733,Q3
2017-01-01,3,CATAMARCA,5.26001806671356,Q3
2017-01-01,3,CHACO,8.4848712875555,Q3
2017-01-01,3,CHUBUT,3.47834691566909,Q3
2017-01-01,3,CÓRDOBA,9.11557287304998,Q3
2017-01-01,3,CORRIENTES,7.44741642808526,Q3
2017-01-01,3,ENTRE RÍOS,6.99340063934965,Q3
2017-01-01,3,FORMOSA,7.06882153411281,Q3
2017-01-01,3,JUJUY,4.6890067253692,Q3
2017-01-01,3,LA PAMPA,3.43810111433207,Q3
2017-01-01,3,LA RIOJA,5.01009020876666,Q3
2017-01-01,3,MENDOZA,3.51296266166304,Q3
2017-01-01,3,MISIONES,8.43038302528699,Q3
2017-01-01,3,NEUQUÉN,8.16517738570226,Q3
2017-01-01,3,RÍO NEGRO,5.48727880467388,Q3
2017-01-01,3,SALTA,6.13314620689655,Q3
2017-01-01,3,SAN JUAN,3.44978420649118,Q3
2017-01-01,3,SAN LUIS,3.50338739319684,Q3
2017-01-01,3,SANTA CRUZ,3.61047050575864,Q3
2017-01-01,3,SANTA FE,7.79221514839974,Q3
2017-01-01,3,SANTIAGO DEL ESTERO,5.17855807833537,Q3
2017-01-01,3,TIERRA DEL FUEGO,3.47535827186512,Q3
2017-01-01,3,TUCUMÁN,6.3851768015554,Q3
2017-01-01,2,BUENOS AIRES,7.19874775188798,Q2
2017-01-01,2,BUENOS AIRES,8.84321983078825,Q2
2017-01-01,2,CATAMARCA,5.10218282589971,Q2
2017-01-01,2,CHACO,7.68921343354413,Q2
2017-01-01,2,CHUBUT,3.44726909222351,Q2
2017-01-01,2,CÓRDOBA,7.42132179907677,Q2
2017-01-01,2,CORRIENTES,6.79158048260705,Q2
2017-01-01,2,ENTRE RÍOS,6.28781010629277,Q2
2017-01-01,2,FORMOSA,6.1786533146405,Q2
2017-01-01,2,JUJUY,4.54186187819401,Q2
2017-01-01,2,LA PAMPA,3.31825936149611,Q2
2017-01-01,2,LA RIOJA,5.53385510805501,Q2
2017-01-01,2,MENDOZA,3.50725586321512,Q2
2017-01-01,2,MISIONES,7.60433849052066,Q2
2017-01-01,2,NEUQUÉN,6.70061069844688,Q2
2017-01-01,2,RÍO NEGRO,4.74135085738145,Q2
2017-01-01,2,SALTA,5.75621313483984,Q2
2017-01-01,2,SAN JUAN,3.49203380952381,Q2
2017-01-01,2,SAN LUIS,3.50282414997505,Q2
2017-01-01,2,SANTA CRUZ,3.60311348968991,Q2
2017-01-01,2,SANTA FE,6.8387492504462,Q2
2017-01-01,2,SANTIAGO DEL ESTERO,5.05794740805446,Q2
2017-01-01,2,TIERRA DEL FUEGO,3.47676146737609,Q2
2017-01-01,2,TUCUMÁN,6.09328044562472,Q2
2017-01-01,1,BUENOS AIRES,6.67848257709171,Q1
2017-01-01,1,BUENOS AIRES,8.34814731669542,Q1
2017-01-01,1,CATAMARCA,4.97378483754513,Q1
2017-01-01,1,CHACO,7.30790539827282,Q1
2017-01-01,1,CHUBUT,3.44338620087336,Q1
2017-01-01,1,CÓRDOBA,6.79947763737,Q1
2017-01-01,1,CORRIENTES,6.43297127701597,Q1
2017-01-01,1,ENTRE RÍOS,5.95147457570752,Q1
2017-01-01,1,FORMOSA,5.74238893190157,Q1
2017-01-01,1,JUJUY,4.39386125963475,Q1
2017-01-01,1,LA PAMPA,3.22081358421833,Q1
2017-01-01,1,LA RIOJA,5.42718047337278,Q1
2017-01-01,1,MENDOZA,3.5072942051441,Q1
2017-01-01,1,MISIONES,7.34104198891632,Q1
2017-01-01,1,NEUQUÉN,6.03483614442139,Q1
2017-01-01,1,RÍO NEGRO,4.44944887797169,Q1
2017-01-01,1,SALTA,5.33537121782187,Q1
2017-01-01,1,SAN JUAN,3.49243516124643,Q1
2017-01-01,1,SAN LUIS,3.50282414997505,Q1
2017-01-01,1,SANTA CRUZ,3.59193007563632,Q1
2017-01-01,1,SANTA FE,6.28403648689241,Q1
2017-01-01,1,SANTIAGO DEL ESTERO,4.94896583328499,Q1
2017-01-01,1,TIERRA DEL FUEGO,3.47676146737609,Q1
2017-01-01,1,TUCUMÁN,5.87550732569558,Q1
2016-01-01,4,BUENOS AIRES,6.35154645026031,Q4
2016-01-01,4,BUENOS AIRES,7.95759624275289,Q4
2016-01-01,4,CATAMARCA,4.88571130511986,Q4
2016-01-01,4,CHACO,7.07753100591982,Q4
2016-01-01,4,CHUBUT,3.40719129144482,Q4
2016-01-01,4,CÓRDOBA,6.46674036390561,Q4
2016-01-01,4,CORRIENTES,6.23624560407751,Q4
2016-01-01,4,ENTRE RÍOS,5.80735082912761,Q4
2016-01-01,4,FORMOSA,5.63067416491632,Q4
2016-01-01,4,JUJUY,4.32396274574204,Q4
2016-01-01,4,LA PAMPA,3.1895597297498,Q4
2016-01-01,4,LA RIOJA,5.34376242721422,Q4
2016-01-01,4,MENDOZA,3.50660346974538,Q4
2016-01-01,4,MISIONES,7.10947580910136,Q4
2016-01-01,4,NEUQUÉN,5.67844630654237,Q4
2016-01-01,4,RÍO NEGRO,4.36993046316533,Q4
2016-01-01,4,SALTA,5.22088357784697,Q4
2016-01-01,4,SAN JUAN,3.49113555404487,Q4
2016-01-01,4,SAN LUIS,3.50282414997505,Q4
2016-01-01,4,SANTA CRUZ,3.56391640895886,Q4
2016-01-01,4,SANTA FE,6.04023332894067,Q4
2016-01-01,4,SANTIAGO DEL ESTERO,4.86679443144862,Q4
2016-01-01,4,TIERRA DEL FUEGO,3.47676146737609,Q4
2016-01-01,4,TUCUMÁN,5.72776693420211,Q4
2016-01-01,3,BUENOS AIRES,5.91491800816368,Q3
2016-01-01,3,BUENOS AIRES,7.38017269920781,Q3
2016-01-01,3,CATAMARCA,4.72524117995849,Q3
2016-01-01,3,CHACO,6.71822036324595,Q3
2016-01-01,3,CHUBUT,3.34386632798464,Q3
2016-01-01,3,CÓRDOBA,6.06852692351841,Q3
2016-01-01,3,CORRIENTES,5.95819256106671,Q3
2016-01-01,3,ENTRE RÍOS,5.58642748832949,Q3
2016-01-01,3,FORMOSA,5.4161310069991,Q3
2016-01-01,3,JUJUY,4.21529113090901,Q3
2016-01-01,3,LA PAMPA,3.14499842618823,Q3
2016-01-01,3,LA RIOJA,5.07673173900207,Q3
2016-01-01,3,MENDOZA,3.50729080145311,Q3
2016-01-01,3,MISIONES,6.74122226984224,Q3
2016-01-01,3,NEUQUÉN,5.29216686473129,Q3
2016-01-01,3,RÍO NEGRO,4.16292428248275,Q3
2016-01-01,3,SALTA,5.05287443655048,Q3
2016-01-01,3,SAN JUAN,3.48906744628773,Q3
2016-01-01,3,SAN LUIS,3.50302377404017,Q3
2016-01-01,3,SANTA CRUZ,3.53583356483625,Q3
2016-01-01,3,SANTA FE,5.67726376156478,Q3
2016-01-01,3,SANTIAGO DEL ESTERO,4.67012308701355,Q3
2016-01-01,3,TIERRA DEL FUEGO,3.47654537746248,Q3
2016-01-01,3,TUCUMÁN,5.5446832601914,Q3
2016-01-01,2,BUENOS AIRES,5.41514436700482,Q2
2016-01-01,2,BUENOS AIRES,6.57621893245929,Q2
2016-01-01,2,CATAMARCA,4.36483596451661,Q2
2016-01-01,2,CHACO,6.29735751095808,Q2
2016-01-01,2,CHUBUT,3.33597349898555,Q2
2016-01-01,2,CÓRDOBA,5.51691282300281,Q2
2016-01-01,2,CORRIENTES,5.60182256952425,Q2
2016-01-01,2,ENTRE RÍOS,5.13114278330125,Q2
2016-01-01,2,FORMOSA,5.10413219586628,Q2
2016-01-01,2,JUJUY,3.84335304395807,Q2
2016-01-01,2,LA PAMPA,3.14606780652538,Q2
2016-01-01,2,LA RIOJA,4.77384306700108,Q2
2016-01-01,2,MENDOZA,3.50016856787161,Q2
2016-01-01,2,MISIONES,6.23366056675479,Q2
2016-01-01,2,NEUQUÉN,4.86640695565863,Q2
2016-01-01,2,RÍO NEGRO,3.97661641190515,Q2
2016-01-01,2,SALTA,4.74937893532293,Q2
2016-01-01,2,SAN JUAN,3.48837182942843,Q2
2016-01-01,2,SAN LUIS,3.50198336917563,Q2
2016-01-01,2,SANTA CRUZ,3.50211502760046,Q2
2016-01-01,2,SANTA FE,5.13859853091851,Q2
2016-01-01,2,SANTIAGO DEL ESTERO,4.30981517959065,Q2
2016-01-01,2,TIERRA DEL FUEGO,3.47869246321177,Q2
2016-01-01,2,TUCUMÁN,5.20097976176087,Q2
2016-01-01,1,BUENOS AIRES,4.99216843748391,Q1
2016-01-01,1,BUENOS AIRES,6.0474037028117,Q1
2016-01-01,1,CATAMARCA,4.20358844929513,Q1
2016-01-01,1,CHACO,5.99147268320831,Q1
2016-01-01,1,CHUBUT,3.37966393307142,Q1
2016-01-01,1,CÓRDOBA,5.15680161704967,Q1
2016-01-01,1,CORRIENTES,5.37127911707625,Q1
2016-01-01,1,ENTRE RÍOS,5.08457490560524,Q1
2016-01-01,1,FORMOSA,4.87233338042096,Q1
2016-01-01,1,JUJUY,3.77122134259834,Q1
2016-01-01,1,LA PAMPA,3.04764203627926,Q1
2016-01-01,1,LA RIOJA,4.61697393805045,Q1
2016-01-01,1,MENDOZA,3.50286892297888,Q1
2016-01-01,1,MISIONES,6.00096871738031,Q1
2016-01-01,1,NEUQUÉN,4.42049314901527,Q1
2016-01-01,1,RÍO NEGRO,3.82665919682892,Q1
2016-01-01,1,SALTA,4.74185878457152,Q1
2016-01-01,1,SAN JUAN,3.48552349076048,Q1
2016-01-01,1,SAN LUIS,3.50290043923865,Q1
2016-01-01,1,SANTA CRUZ,3.48315808971074,Q1
2016-01-01,1,SANTA FE,4.89813602895205,Q1
2016-01-01,1,SANTIAGO DEL ESTERO,4.17401156430692,Q1
2016-01-01,1,TIERRA DEL FUEGO,3.47508263271679,Q1
2016-01-01,1,TUCUMÁN,5.00403664067989,Q1
2015-01-01,4,BUENOS AIRES,4.88414890585654,Q4
2015-01-01,4,BUENOS AIRES,5.92780352297904,Q4
2015-01-01,4,CATAMARCA,4.1242683691587,Q4
2015-01-01,4,CHACO,5.82838418079096,Q4
2015-01-01,4,CHUBUT,3.2838650316133,Q4
2015-01-01,4,CÓRDOBA,5.06708149326841,Q4
2015-01-01,4,CORRIENTES,5.25948212049208,Q4
2015-01-01,4,ENTRE RÍOS,5.00785590529936,Q4
2015-01-01,4,FORMOSA,4.66030856858068,Q4
2015-01-01,4,JUJUY,3.7246804758923,Q4
2015-01-01,4,LA PAMPA,2.93674770722963,Q4
2015-01-01,4,LA RIOJA,4.52167186392629,Q4
2015-01-01,4,MENDOZA,3.5017779300891,Q4
2015-01-01,4,MISIONES,5.9022914436487,Q4
2015-01-01,4,NEUQUÉN,4.35559286155294,Q4
2015-01-01,4,RÍO NEGRO,3.76893229959851,Q4
2015-01-01,4,SALTA,4.67346703814158,Q4
2015-01-01,4,SAN JUAN,3.48160411695573,Q4
2015-01-01,4,SAN LUIS,3.50293742586002,Q4
2015-01-01,4,SANTA CRUZ,3.48096796191061,Q4
2015-01-01,4,SANTA FE,4.80987377455356,Q4
2015-01-01,4,SANTIAGO DEL ESTERO,4.09410169145076,Q4
2015-01-01,4,TIERRA DEL FUEGO,3.47482486424173,Q4
2015-01-01,4,TUCUMÁN,4.88229794633078,Q4
2015-01-01,3,BUENOS AIRES,4.70059791427046,Q3
2015-01-01,3,BUENOS AIRES,5.66468043459464,Q3
2015-01-01,3,CATAMARCA,3.88456387259975,Q3
2015-01-01,3,CHACO,5.46643296553986,Q3
2015-01-01,3,CHUBUT,3.27903841147495,Q3
2015-01-01,3,CÓRDOBA,4.86784900122509,Q3
2015-01-01,3,CORRIENTES,5.06347381678221,Q3
2015-01-01,3,ENTRE RÍOS,4.76671236672909,Q3
2015-01-01,3,FORMOSA,4.16616410219452,Q3
2015-01-01,3,JUJUY,3.53272455120101,Q3
2015-01-01,3,LA PAMPA,2.91493221414279,Q3
2015-01-01,3,LA RIOJA,4.24585057539801,Q3
2015-01-01,3,MENDOZA,3.50016095102191,Q3
2015-01-01,3,MISIONES,5.63428905090369,Q3
2015-01-01,3,NEUQUÉN,4.22994398489574,Q3
2015-01-01,3,RÍO NEGRO,3.73683145620249,Q3
2015-01-01,3,SALTA,4.42183141297756,Q3
2015-01-01,3,SAN JUAN,3.48109282037388,Q3
2015-01-01,3,SAN LUIS,3.50275387159826,Q3
2015-01-01,3,SANTA CRUZ,3.48068774435859,Q3
2015-01-01,3,SANTA FE,4.55989545240263,Q3
2015-01-01,3,SANTIAGO DEL ESTERO,3.91123732169146,Q3
2015-01-01,3,TIERRA DEL FUEGO,3.47772105693272,Q3
2015-01-01,3,TUCUMÁN,4.5723186672303,Q3
2015-01-01,2,BUENOS AIRES,4.46349566354801,Q2
2015-01-01,2,BUENOS AIRES,5.31214873823781,Q2
2015-01-01,2,CATAMARCA,3.68250829503855,Q2
2015-01-01,2,CHACO,5.19477141425948,Q2
2015-01-01,2,CHUBUT,3.21657164748512,Q2
2015-01-01,2,CÓRDOBA,4.55793766620085,Q2
2015-01-01,2,CORRIENTES,4.84719763799374,Q2
2015-01-01,2,ENTRE RÍOS,4.55056996750087,Q2
2015-01-01,2,FORMOSA,3.76491568402765,Q2
2015-01-01,2,JUJUY,3.40867884314609,Q2
2015-01-01,2,LA PAMPA,2.86265664010624,Q2
2015-01-01,2,LA RIOJA,4.00155139620813,Q2
2015-01-01,2,MENDOZA,3.49972410886249,Q2
2015-01-01,2,MISIONES,5.32756264967692,Q2
2015-01-01,2,NEUQUÉN,4.05961773753304,Q2
2015-01-01,2,RÍO NEGRO,3.66673444862143,Q2
2015-01-01,2,SALTA,4.21812164568684,Q2
2015-01-01,2,SAN JUAN,3.47891928906671,Q2
2015-01-01,2,SAN LUIS,3.50277095310136,Q2
2015-01-01,2,SANTA CRUZ,3.47332349743749,Q2
2015-01-01,2,SANTA FE,4.30319618165638,Q2
2015-01-01,2,SANTIAGO DEL ESTERO,3.72881129536047,Q2
2015-01-01,2,TIERRA DEL FUEGO,3.47751587628866,Q2
2015-01-01,2,TUCUMÁN,4.30681276746996,Q2
2015-01-01,1,BUENOS AIRES,4.32380370934677,Q1
2015-01-01,1,BUENOS AIRES,4.99971168387637,Q1
2015-01-01,1,CATAMARCA,3.48360366096299,Q1
2015-01-01,1,CHACO,4.89990879703037,Q1
2015-01-01,1,CHUBUT,3.2131565777598,Q1
2015-01-01,1,CÓRDOBA,4.30427928200685,Q1
2015-01-01,1,CORRIENTES,4.62819022139316,Q1
2015-01-01,1,ENTRE RÍOS,4.34674650578663,Q1
2015-01-01,1,FORMOSA,3.38115011235955,Q1
2015-01-01,1,JUJUY,3.24190210859827,Q1
2015-01-01,1,LA PAMPA,2.83409951021787,Q1
2015-01-01,1,LA RIOJA,3.78040210603649,Q1
2015-01-01,1,MENDOZA,3.49913067089835,Q1
2015-01-01,1,MISIONES,4.9730042513212,Q1
2015-01-01,1,NEUQUÉN,3.91149163819858,Q1
2015-01-01,1,RÍO NEGRO,3.58529708825738,Q1
2015-01-01,1,SALTA,4.02277793616362,Q1
2015-01-01,1,SAN JUAN,3.47698917009324,Q1
2015-01-01,1,SAN LUIS,3.50099427046543,Q1
2015-01-01,1,SANTA CRUZ,3.47421703066738,Q1
2015-01-01,1,SANTA FE,4.06328306840814,Q1
2015-01-01,1,SANTIAGO DEL ESTERO,3.57110412512624,Q1
2015-01-01,1,TIERRA DEL FUEGO,3.45387808575141,Q1
2015-01-01,1,TUCUMÁN,4.07107804024244,Q1
2014-01-01,4,BUENOS AIRES,4.19894350823666,Q4
2014-01-01,4,BUENOS AIRES,4.78178771127556,Q4
2014-01-01,4,CATAMARCA,3.33600533479779,Q4
2014-01-01,4,CHACO,3.97740036330609,Q4
2014-01-01,4,CHUBUT,3.17464915813126,Q4
2014-01-01,4,CÓRDOBA,4.09290306218457,Q4
2014-01-01,4,CORRIENTES,3.8061123116725,Q4
2014-01-01,4,ENTRE RÍOS,3.80005178711007,Q4
2014-01-01,4,FORMOSA,3.02332661782662,Q4
2014-01-01,4,JUJUY,3.12764210819079,Q4
2014-01-01,4,LA PAMPA,2.7542087306377,Q4
2014-01-01,4,LA RIOJA,3.58202389952445,Q4
2014-01-01,4,MENDOZA,3.49876776859991,Q4
2014-01-01,4,MISIONES,4.02561996141346,Q4
2014-01-01,4,NEUQUÉN,3.85077258259739,Q4
2014-01-01,4,RÍO NEGRO,3.54312925425425,Q4
2014-01-01,4,SALTA,3.86225943150255,Q4
2014-01-01,4,SAN JUAN,3.47522016922811,Q4
2014-01-01,4,SAN LUIS,3.50362120635887,Q4
2014-01-01,4,SANTA CRUZ,3.33302618371396,Q4
2014-01-01,4,SANTA FE,3.78070786071651,Q4
2014-01-01,4,SANTIAGO DEL ESTERO,3.45822447265973,Q4
2014-01-01,4,TIERRA DEL FUEGO,3.47472446989241,Q4
2014-01-01,4,TUCUMÁN,3.86061231024495,Q4
2014-01-01,3,BUENOS AIRES,3.96904699117324,Q3
2014-01-01,3,BUENOS AIRES,4.43738094339007,Q3
2014-01-01,3,CATAMARCA,2.91517617504052,Q3
2014-01-01,3,CHACO,3.461947812451,Q3
2014-01-01,3,CHUBUT,3.16574179076398,Q3
2014-01-01,3,CÓRDOBA,3.66006224955991,Q3
2014-01-01,3,CORRIENTES,3.41092777664112,Q3
2014-01-01,3,ENTRE RÍOS,3.39960794175268,Q3
2014-01-01,3,FORMOSA,2.65628301523038,Q3
2014-01-01,3,JUJUY,2.93070539025186,Q3
2014-01-01,3,LA PAMPA,2.81651954574832,Q3
2014-01-01,3,LA RIOJA,3.09517878464149,Q3
2014-01-01,3,MENDOZA,3.50285317684907,Q3
2014-01-01,3,MISIONES,3.57752385757149,Q3
2014-01-01,3,NEUQUÉN,3.7429104879161,Q3
2014-01-01,3,RÍO NEGRO,3.47997917029004,Q3
2014-01-01,3,SALTA,3.41091036248803,Q3
2014-01-01,3,SAN JUAN,3.47372598559039,Q3
2014-01-01,3,SAN LUIS,3.50311319018405,Q3
2014-01-01,3,SANTA CRUZ,3.30732226015574,Q3
2014-01-01,3,SANTA FE,3.37559291224911,Q3
2014-01-01,3,SANTIAGO DEL ESTERO,3.09954651038892,Q3
2014-01-01,3,TIERRA DEL FUEGO,3.47098171141966,Q3
2014-01-01,3,TUCUMÁN,3.34989752676935,Q3
2014-01-01,2,BUENOS AIRES,3.85186276004367,Q2
2014-01-01,2,BUENOS AIRES,4.24999122363848,Q2
2014-01-01,2,CATAMARCA,2.9153584248268,Q2
2014-01-01,2,CHACO,3.4206301023632,Q2
2014-01-01,2,CHUBUT,3.15640525285759,Q2
2014-01-01,2,CÓRDOBA,3.55678596068326,Q2
2014-01-01,2,CORRIENTES,3.36697059898026,Q2
2014-01-01,2,ENTRE RÍOS,3.31240030997454,Q2
2014-01-01,2,FORMOSA,2.65235125,Q2
2014-01-01,2,JUJUY,2.76903167947822,Q2
2014-01-01,2,LA PAMPA,2.68457605542687,Q2
2014-01-01,2,LA RIOJA,3.09515334338864,Q2
2014-01-01,2,MENDOZA,3.50303318206071,Q2
2014-01-01,2,MISIONES,3.54002388571276,Q2
2014-01-01,2,NEUQUÉN,3.66470433804515,Q2
2014-01-01,2,RÍO NEGRO,3.42862575044451,Q2
2014-01-01,2,SALTA,3.39113775110879,Q2
2014-01-01,2,SAN JUAN,3.47248406459358,Q2
2014-01-01,2,SAN LUIS,3.50410448104175,Q2
2014-01-01,2,SANTA CRUZ,3.31815166016344,Q2
2014-01-01,2,SANTA FE,3.31169104109792,Q2
2014-01-01,2,SANTIAGO DEL ESTERO,3.06975092114959,Q2
2014-01-01,2,TIERRA DEL FUEGO,3.47009598681291,Q2
2014-01-01,2,TUCUMÁN,3.34994476711167,Q2
2014-01-01,1,BUENOS AIRES,3.73313279998293,Q1
2014-01-01,1,BUENOS AIRES,4.02408151087022,Q1
2014-01-01,1,CATAMARCA,2.80273440079234,Q1
2014-01-01,1,CHACO,3.25583730374444,Q1
2014-01-01,1,CHUBUT,3.17591667514646,Q1
2014-01-01,1,CÓRDOBA,3.38740458152481,Q1
2014-01-01,1,CORRIENTES,3.21862508234916,Q1
2014-01-01,1,ENTRE RÍOS,3.16729008998272,Q1
2014-01-01,1,FORMOSA,2.57372921091968,Q1
2014-01-01,1,JUJUY,2.69026334940686,Q1
2014-01-01,1,LA PAMPA,2.64721042446136,Q1
2014-01-01,1,LA RIOJA,2.96474037298708,Q1
2014-01-01,1,MENDOZA,3.50268055655512,Q1
2014-01-01,1,MISIONES,3.40312626767991,Q1
2014-01-01,1,NEUQUÉN,3.54930165082541,Q1
2014-01-01,1,RÍO NEGRO,3.3537963181895,Q1
2014-01-01,1,SALTA,3.30090197925452,Q1
2014-01-01,1,SAN JUAN,3.46913845974917,Q1
2014-01-01,1,SAN LUIS,3.50281532213108,Q1
2014-01-01,1,SANTA CRUZ,3.31599147982063,Q1
2014-01-01,1,SANTA FE,3.14740684527868,Q1
2014-01-01,1,SANTIAGO DEL ESTERO,2.94947172149921,Q1
2014-01-01,1,TIERRA DEL FUEGO,3.44688793732356,Q1
2014-01-01,1,TUCUMÁN,3.20834182355113,Q1
