Año,Trimestre,Provincia,Hasta 512 Kbps,De 512 Kbps a 1 Mbps,De 1 Mbps a 6 Mbps,De 6 Mbps a 10 Mbps,De 10 Mbps a 20 Mbps,De 20 Mbps a 30 Mbps,De 30 Mbps,Otros,Total,Trimestre_Label
2024,2,BUENOS AIRES,25287,23034,222627,221660,244528,106302,4020395,125547.0,4989380,Q2
2024,2,CABA,518,4122,24539,40296,33158,5633,1355333,0.0,1463599,Q2
2024,2,CATAMARCA,72,164,2660,3093,3799,1279,63954,53.0,75074,Q2
2024,2,CHACO,236,349,14594,8336,6208,6454,107707,3208.0,147092,Q2
2024,2,CHUBUT,125,1139,43699,31971,22696,19827,38212,16554.0,174223,Q2
2024,2,CÓRDOBA,103,7771,104023,84867,47180,27367,797600,16863.0,1085774,Q2
2024,2,CORRIENTES,67,2514,17264,15233,7058,2060,107094,5185.0,156475,Q2
2024,2,ENTRE RÍOS,107,4123,33357,48933,15240,7220,171352,13979.0,294311,Q2
2024,2,FORMOSA,85,142,21748,10864,3989,290,25541,291.0,62950,Q2
2024,2,JUJUY,59,1213,11836,14148,28183,687,61615,1943.0,119684,Q2
2024,2,LA PAMPA,71,1330,43807,17017,15353,5168,38916,1601.0,123263,Q2
2024,2,LA RIOJA,19,377,1124,1296,24703,4542,55420,0.0,87481,Q2
2024,2,MENDOZA,108,2945,35803,20865,29649,7411,199311,5561.0,301653,Q2
2024,2,MISIONES,51,3096,26173,26970,9290,4441,127506,9027.0,206554,Q2
2024,2,NEUQUÉN,146,990,35229,13345,10590,3367,79985,19890.0,163542,Q2
2024,2,RÍO NEGRO,118,1035,25810,17903,17570,18633,75408,15564.0,172041,Q2
2024,2,SALTA,117,853,25886,62722,2619,68,102535,6541.0,201341,Q2
2024,2,SAN JUAN,27,2022,22029,13028,11532,974,33634,22744.0,105990,Q2
2024,2,SAN LUIS,60,629,11229,23702,4234,70855,40925,5975.0,157609,Q2
2024,2,SANTA CRUZ,56,434,7768,9578,10592,8874,12374,33785.0,83461,Q2
2024,2,SANTA FE,476,6016,74717,144612,57199,24685,594567,28701.0,930973,Q2
2024,2,SANTIAGO DEL ESTERO,181,1084,9905,52697,24388,3864,32306,889.0,125314,Q2
2024,2,TIERRA DEL FUEGO,22,834,10152,9645,10738,16737,6157,7124.0,61409,Q2
2024,2,TUCUMÁN,40,808,14221,18593,22153,1515,209241,343.0,266914,Q2
2024,1,BUENOS AIRES,26002,22510,221185,233225,241778,106418,4068292,125147.0,5044557,Q1
2024,1,CABA,516,5418,29753,51415,37369,5957,1374283,0.0,1504711,Q1
2024,1,CATAMARCA,71,176,2872,3424,4204,1822,62294,70.0,74933,Q1
2024,1,CHACO,236,416,14156,9044,5533,5718,116624,3816.0,155543,Q1
2024,1,CHUBUT,111,1083,43828,31885,23024,20261,33844,16640.0,170676,Q1
2024,1,CÓRDOBA,99,8056,110371,87798,47085,29939,784141,14710.0,1082199,Q1
2024,1,CORRIENTES,67,2690,18637,16530,7680,1996,104052,6242.0,157894,Q1
2024,1,ENTRE RÍOS,107,4290,34574,51447,16122,7228,168809,13975.0,296552,Q1
2024,1,FORMOSA,85,158,22133,10924,4176,273,24667,302.0,62718,Q1
2024,1,JUJUY,58,1268,14964,11283,28548,276,59686,1970.0,118053,Q1
2024,1,LA PAMPA,71,1419,45089,17273,15221,5332,36191,1599.0,122195,Q1
2024,1,LA RIOJA,18,407,1336,1566,24770,4710,54975,0.0,87782,Q1
2024,1,MENDOZA,104,2945,35893,20900,30049,7623,199517,5566.0,302597,Q1
2024,1,MISIONES,51,3173,26882,26369,9812,3638,124105,8526.0,202556,Q1
2024,1,NEUQUÉN,136,997,35382,13482,10491,2934,80656,20168.0,164246,Q1
2024,1,RÍO NEGRO,112,1035,25500,17641,17191,18633,75331,15576.0,171019,Q1
2024,1,SALTA,114,926,27352,64530,3192,62,100039,6646.0,202861,Q1
2024,1,SAN JUAN,24,2021,22045,13030,11597,1343,33851,22755.0,106666,Q1
2024,1,SAN LUIS,60,628,11318,23754,8953,70855,34554,5968.0,156090,Q1
2024,1,SANTA CRUZ,50,427,7764,9577,7182,7070,14335,33803.0,80208,Q1
2024,1,SANTA FE,468,6417,76294,153030,58595,28498,579118,16168.0,918588,Q1
2024,1,SANTIAGO DEL ESTERO,180,1134,12428,53211,24281,5796,26415,917.0,124362,Q1
2024,1,TIERRA DEL FUEGO,22,834,10169,9674,12039,15932,5764,7121.0,61555,Q1
2024,1,TUCUMÁN,39,927,16227,19918,23263,1582,202151,488.0,264595,Q1
2024,4,BUENOS AIRES,26909,23962,228393,239339,246144,110876,4042646,93351.0,5011620,Q4
2024,4,CABA,516,4544,26409,48083,33925,5829,1355061,0.0,1474367,Q4
2024,4,CATAMARCA,71,209,3065,3734,4423,1827,61181,77.0,74587,Q4
2024,4,CHACO,236,477,14811,10361,6247,5729,105485,4040.0,147386,Q4
2024,4,CHUBUT,111,1088,44276,31402,22843,20196,33665,16589.0,170170,Q4
2024,4,CÓRDOBA,99,8404,117068,91169,51126,26948,767427,17061.0,1079302,Q4
2024,4,CORRIENTES,67,2889,19949,17984,8108,5087,98904,6484.0,159472,Q4
2024,4,ENTRE RÍOS,107,4408,37150,54377,16673,7236,164304,14382.0,298637,Q4
2024,4,FORMOSA,85,179,21856,11563,4545,272,23152,350.0,62002,Q4
2024,4,JUJUY,58,1343,15359,11724,28741,272,58543,1980.0,118020,Q4
2024,4,LA PAMPA,71,1330,46716,17278,14556,5511,34254,1610.0,121326,Q4
2024,4,LA RIOJA,18,435,1483,1786,24838,4709,54452,0.0,87721,Q4
2024,4,MENDOZA,104,2945,35976,20902,30051,7781,196093,5499.0,299351,Q4
2024,4,MISIONES,51,3248,32287,21522,11338,3850,119112,8925.0,200333,Q4
2024,4,NEUQUÉN,136,998,35431,13485,10435,2933,81033,20176.0,164627,Q4
2024,4,RÍO NEGRO,112,1039,27223,16608,18343,24693,64813,15586.0,168417,Q4
2024,4,SALTA,114,1154,28069,65938,3735,66,98971,6685.0,204732,Q4
2024,4,SAN JUAN,24,2021,21157,12882,12489,1343,30645,22649.0,103210,Q4
2024,4,SAN LUIS,60,628,11317,23754,8952,75907,33150,917.0,154685,Q4
2024,4,SANTA CRUZ,50,500,7764,10783,11558,3628,19314,33434.0,87031,Q4
2024,4,SANTA FE,468,6845,82343,164019,59636,22135,557629,16426.0,909501,Q4
2024,4,SANTIAGO DEL ESTERO,180,1173,13018,53980,24514,5794,23641,930.0,123230,Q4
2024,4,TIERRA DEL FUEGO,22,834,10283,12618,19536,6085,4342,7879.0,61599,Q4
2024,4,TUCUMÁN,39,1089,18850,22817,24476,1583,196919,562.0,266335,Q4
2023,3,BUENOS AIRES,27440,24820,242010,241310,246076,112159,3951660,122762.0,4968237,Q3
2023,3,CABA,516,4690,28089,50899,34061,6020,1343709,0.0,1467984,Q3
2023,3,CATAMARCA,71,224,3194,3893,4634,2124,60123,92.0,74355,Q3
2023,3,CHACO,236,462,14076,12874,6895,2970,100544,4089.0,142146,Q3
2023,3,CHUBUT,111,1470,44434,30908,24394,19608,30565,16578.0,168068,Q3
2023,3,CÓRDOBA,99,8691,126420,96257,52428,26058,742447,16934.0,1069334,Q3
2023,3,CORRIENTES,67,2985,20810,20906,5494,4577,97014,7976.0,159829,Q3
2023,3,ENTRE RÍOS,107,4510,38962,49979,20312,22941,156482,0.0,293293,Q3
2023,3,FORMOSA,85,208,21919,11697,5045,274,21727,359.0,61314,Q3
2023,3,JUJUY,58,1436,15685,11983,28956,288,56943,2028.0,117377,Q3
2023,3,LA PAMPA,71,1358,47914,18238,14676,4081,31970,1613.0,119921,Q3
2023,3,LA RIOJA,18,459,1617,1989,24847,4798,53973,0.0,87701,Q3
2023,3,MENDOZA,104,2948,36236,20942,30636,8032,193600,5524.0,298022,Q3
2023,3,MISIONES,51,3302,32953,22315,11900,3862,113860,8892.0,197135,Q3
2023,3,NEUQUÉN,170,981,37758,13937,11582,2377,84209,13259.0,164273,Q3
2023,3,RÍO NEGRO,112,1061,29201,15014,21182,22752,59206,14957.0,163485,Q3
2023,3,SALTA,115,1190,29305,67060,4059,78,97627,6799.0,206233,Q3
2023,3,SAN JUAN,24,2021,21090,12882,12564,1440,31081,22628.0,103730,Q3
2023,3,SAN LUIS,60,628,11398,23818,10926,74914,18688,8484.0,148916,Q3
2023,3,SANTA CRUZ,50,6722,10612,10853,9565,3643,6542,0.0,47987,Q3
2023,3,SANTA FE,468,7174,85897,168711,65489,20333,534474,17806.0,900352,Q3
2023,3,SANTIAGO DEL ESTERO,180,1199,15100,54503,28456,806,20734,950.0,121928,Q3
2023,3,TIERRA DEL FUEGO,22,834,10550,12731,20384,5150,4040,5020.0,58731,Q3
2023,3,TUCUMÁN,39,1236,20378,25026,25523,1633,192051,671.0,266557,Q3
2023,2,BUENOS AIRES,28007,24674,246067,253078,245505,107502,3883235,97420.0,4885488,Q2
2023,2,CABA,516,4422,27827,54111,34364,6189,1330249,0.0,1457678,Q2
2023,2,CATAMARCA,71,226,3329,4076,4788,2285,58048,167.0,72990,Q2
2023,2,CHACO,236,475,14630,14176,7446,3008,97897,3987.0,141855,Q2
2023,2,CHUBUT,109,1467,45798,31021,24750,17708,28859,14249.0,163961,Q2
2023,2,CÓRDOBA,99,8627,126496,99026,52240,25144,712647,43472.0,1067751,Q2
2023,2,CORRIENTES,67,2945,21781,22144,5937,4593,93048,7779.0,158294,Q2
2023,2,ENTRE RÍOS,107,4377,39693,49240,20231,22661,137638,0.0,273947,Q2
2023,2,FORMOSA,84,186,21944,11825,5202,300,20428,381.0,60350,Q2
2023,2,JUJUY,58,1440,16174,12344,29181,300,55867,2078.0,117442,Q2
2023,2,LA PAMPA,68,1365,48635,18475,14999,4266,29134,1968.0,118910,Q2
2023,2,LA RIOJA,18,454,1719,2236,24737,4888,52920,0.0,86972,Q2
2023,2,MENDOZA,103,2945,36286,20985,33217,12649,176628,14863.0,297676,Q2
2023,2,MISIONES,51,3247,34144,22649,12055,3862,110815,8648.0,195471,Q2
2023,2,NEUQUÉN,168,984,38006,13946,13275,6649,85749,2969.0,161746,Q2
2023,2,RÍO NEGRO,111,1070,29535,15050,20561,22752,58834,15466.0,163379,Q2
2023,2,SALTA,114,1042,29687,67966,4523,94,95063,6839.0,205328,Q2
2023,2,SAN JUAN,24,2020,21766,12810,13276,10042,21369,16142.0,97449,Q2
2023,2,SAN LUIS,60,624,11543,23932,12756,74914,15090,1829.0,140748,Q2
2023,2,SANTA CRUZ,49,6720,10609,11253,9733,3667,6315,256.0,48602,Q2
2023,2,SANTA FE,468,7021,89275,172672,71957,24123,499408,30890.0,895814,Q2
2023,2,SANTIAGO DEL ESTERO,178,1152,16847,55281,26520,766,16066,999.0,117809,Q2
2023,2,TIERRA DEL FUEGO,22,831,10556,12748,20962,4707,3901,4908.0,58635,Q2
2023,2,TUCUMÁN,39,1091,21163,27206,25910,1661,185887,645.0,263602,Q2
2023,1,BUENOS AIRES,28615,25137,249864,264388,241923,104495,3810940,95566.0,4820928,Q1
2023,1,CABA,516,4500,28668,60061,34974,7859,1305284,106867.0,1548729,Q1
2023,1,CATAMARCA,71,221,2192,4352,3794,2607,55944,2311.0,71492,Q1
2023,1,CHACO,236,544,15113,15190,7729,3020,96663,3947.0,142442,Q1
2023,1,CHUBUT,109,1598,45794,30947,25072,17700,28259,20574.0,170053,Q1
2023,1,CÓRDOBA,99,8844,131774,103063,57176,24960,690566,33490.0,1049972,Q1
2023,1,CORRIENTES,67,3074,22517,23420,6349,4601,88008,8984.0,157020,Q1
2023,1,ENTRE RÍOS,107,4525,41215,51664,20667,22680,134020,0.0,274878,Q1
2023,1,FORMOSA,84,192,22016,11922,6229,273,19567,702.0,60985,Q1
2023,1,JUJUY,58,1598,16842,12856,29386,306,54859,2076.0,117981,Q1
2023,1,LA PAMPA,68,1399,50313,11510,10525,4423,21308,16958.0,116504,Q1
2023,1,LA RIOJA,18,502,1892,2470,24551,4949,52023,0.0,86405,Q1
2023,1,MENDOZA,103,2945,32767,20813,30657,15046,169502,21186.0,293019,Q1
2023,1,MISIONES,51,3448,34762,21817,11881,3881,106601,8244.0,190685,Q1
2023,1,NEUQUÉN,168,986,38414,13933,13192,6195,85257,2267.0,160412,Q1
2023,1,RÍO NEGRO,111,1076,29515,15171,18697,12079,57910,29772.0,164331,Q1
2023,1,SALTA,114,1096,30564,69436,4822,104,92512,6778.0,205426,Q1
2023,1,SAN JUAN,24,2020,30051,11221,14799,10268,21544,11840.0,101767,Q1
2023,1,SAN LUIS,60,624,11680,24133,13659,75904,6050,3353.0,135463,Q1
2023,1,SANTA CRUZ,51,6810,11528,11380,9861,3697,5990,1044.0,50361,Q1
2023,1,SANTA FE,468,7655,98198,180708,75061,26306,479777,18101.0,886274,Q1
2023,1,SANTIAGO DEL ESTERO,178,1186,21551,57189,21277,734,15447,993.0,118555,Q1
2023,1,TIERRA DEL FUEGO,22,831,10944,13048,21348,3959,2386,4575.0,57113,Q1
2023,1,TUCUMÁN,39,1237,23379,29629,25565,1723,164402,15126.0,261100,Q1
2022,4,BUENOS AIRES,28934,23347,259866,281550,244555,98670,3760109,97634.0,4794665,Q4
2022,4,CABA,516,5096,31320,64653,36336,8116,1299117,106772.0,1551926,Q4
2022,4,CATAMARCA,71,315,2716,5028,4638,3122,52739,2280.0,70909,Q4
2022,4,CHACO,461,771,16067,17846,6704,3039,94866,3909.0,143663,Q4
2022,4,CHUBUT,109,1614,46457,31007,34728,15770,19048,20026.0,168759,Q4
2022,4,CÓRDOBA,99,9929,143686,108195,63120,20691,686330,17610.0,1049660,Q4
2022,4,CORRIENTES,67,3282,22647,24858,7025,3770,85806,7998.0,155453,Q4
2022,4,ENTRE RÍOS,107,4722,45629,46700,20927,22483,130406,0.0,270974,Q4
2022,4,FORMOSA,84,245,22458,12391,6724,310,18930,698.0,61840,Q4
2022,4,JUJUY,58,1763,18652,14070,36430,335,46910,0.0,118218,Q4
2022,4,LA PAMPA,68,1687,52618,10334,9167,4479,19783,16028.0,114164,Q4
2022,4,LA RIOJA,18,595,2531,3010,24435,5029,50644,0.0,86262,Q4
2022,4,MENDOZA,103,2954,35541,20355,35935,14909,161163,21144.0,292104,Q4
2022,4,MISIONES,51,3510,35622,21373,12196,3182,101745,8590.0,186269,Q4
2022,4,NEUQUÉN,168,994,38814,13960,13008,5739,85247,2250.0,160180,Q4
2022,4,RÍO NEGRO,111,1081,32053,13931,20442,7335,57495,29644.0,162092,Q4
2022,4,SALTA,114,1197,31530,71105,5036,117,90014,6747.0,205860,Q4
2022,4,SAN JUAN,24,2027,30069,11247,20440,8188,19991,11840.0,103826,Q4
2022,4,SAN LUIS,60,624,11785,24684,13981,78506,2227,3353.0,135220,Q4
2022,4,SANTA CRUZ,51,6810,11616,11509,10374,3236,5559,1048.0,50203,Q4
2022,4,SANTA FE,468,9374,115767,194420,73345,22899,453078,18340.0,887691,Q4
2022,4,SANTIAGO DEL ESTERO,178,1267,26183,58136,17735,661,14345,989.0,119494,Q4
2022,4,TIERRA DEL FUEGO,22,902,11649,13634,21365,3612,1812,2264.0,55260,Q4
2022,4,TUCUMÁN,39,1562,29996,35425,26369,1375,153538,15118.0,263422,Q4
2022,3,BUENOS AIRES,29985,27709,290315,297915,267044,124190,3618689,65821.0,4721668,Q3
2022,3,CABA,517,5742,34371,67829,51946,28692,1253105,105477.0,1547679,Q3
2022,3,CATAMARCA,71,384,3107,5389,5099,3737,50298,2208.0,70293,Q3
2022,3,CHACO,461,987,16782,18938,8049,15828,79390,3711.0,144146,Q3
2022,3,CHUBUT,109,1444,45707,30940,34682,15309,17563,20024.0,165778,Q3
2022,3,CÓRDOBA,99,11312,153324,111615,70989,27112,650344,13873.0,1038668,Q3
2022,3,CORRIENTES,67,3865,23427,23948,7776,21706,56950,7107.0,144846,Q3
2022,3,ENTRE RÍOS,107,5549,47210,46855,18263,32021,102195,16759.0,268959,Q3
2022,3,FORMOSA,97,307,23538,19545,6194,564,17704,589.0,68538,Q3
2022,3,JUJUY,58,1879,19135,15254,36083,519,45895,0.0,118823,Q3
2022,3,LA PAMPA,68,1887,61540,9653,11592,5609,22731,3012.0,116092,Q3
2022,3,LA RIOJA,18,689,2842,3375,24219,5331,50390,0.0,86864,Q3
2022,3,MENDOZA,103,2953,44232,21977,48201,17243,150043,4771.0,289523,Q3
2022,3,MISIONES,51,3749,36628,20758,12676,19615,80330,8350.0,182157,Q3
2022,3,NEUQUÉN,134,991,38485,14080,9200,6700,78713,14858.0,163161,Q3
2022,3,RÍO NEGRO,111,1221,32936,17860,27934,13629,42596,24271.0,160558,Q3
2022,3,SALTA,114,1490,32923,71199,5662,1001,85661,6491.0,204541,Q3
2022,3,SAN JUAN,24,2027,30324,11247,22157,6780,19221,11619.0,103399,Q3
2022,3,SAN LUIS,60,307,6563,20813,12061,67438,13,14815.0,122070,Q3
2022,3,SANTA CRUZ,52,6841,12342,11313,11378,2333,4604,647.0,49510,Q3
2022,3,SANTA FE,468,11132,132709,198588,70897,57455,396352,20209.0,887810,Q3
2022,3,SANTIAGO DEL ESTERO,178,1384,28357,58982,16087,910,12342,792.0,119032,Q3
2022,3,TIERRA DEL FUEGO,22,831,12002,14815,20102,1752,1021,3351.0,53896,Q3
2022,3,TUCUMÁN,39,2047,32571,39018,25214,4348,159600,280.0,263117,Q3
2022,2,BUENOS AIRES,30639,28323,295238,307554,273954,129869,3535757,65849.0,4667183,Q2
2022,2,CABA,517,5980,36036,72434,55372,31571,1229254,105607.0,1536771,Q2
2022,2,CATAMARCA,71,413,3678,6155,7165,3393,43926,2207.0,67008,Q2
2022,2,CHACO,461,1047,17603,20109,8391,15974,76271,3708.0,143564,Q2
2022,2,CHUBUT,109,1444,45804,31217,34290,14526,15394,20021.0,162805,Q2
2022,2,CÓRDOBA,99,11971,160486,120485,71923,28645,619400,13426.0,1026435,Q2
2022,2,CORRIENTES,67,3937,24253,24842,8001,21719,55071,7107.0,144997,Q2
2022,2,ENTRE RÍOS,107,5656,48637,48557,18512,32355,98769,16759.0,269352,Q2
2022,2,FORMOSA,97,407,23834,19706,6330,591,16326,590.0,67881,Q2
2022,2,JUJUY,58,1829,19458,15790,37786,549,37391,2453.0,115314,Q2
2022,2,LA PAMPA,68,1887,62546,9842,11800,5247,17125,3012.0,111527,Q2
2022,2,LA RIOJA,18,728,3179,3890,23814,5481,48920,0.0,86030,Q2
2022,2,MENDOZA,103,2954,44961,22557,64138,19543,121366,3940.0,279562,Q2
2022,2,MISIONES,51,3808,37254,21712,12774,19757,75107,8350.0,178813,Q2
2022,2,NEUQUÉN,134,999,38826,15066,9205,2039,76982,18717.0,161968,Q2
2022,2,RÍO NEGRO,111,1227,33364,17938,27168,13714,41972,24270.0,159764,Q2
2022,2,SALTA,114,1530,33732,72661,6012,1156,81478,6494.0,203177,Q2
2022,2,SAN JUAN,24,2027,30385,11276,24649,3728,16701,11617.0,100407,Q2
2022,2,SAN LUIS,60,306,6840,21217,11052,67438,13,14815.0,121741,Q2
2022,2,SANTA CRUZ,52,6841,12348,11369,11885,2454,3592,644.0,49185,Q2
2022,2,SANTA FE,468,11757,138534,204381,74133,58114,373888,17584.0,878859,Q2
2022,2,SANTIAGO DEL ESTERO,178,1401,29581,59931,14606,883,10672,792.0,118044,Q2
2022,2,TIERRA DEL FUEGO,22,831,12052,14828,19968,1712,1006,3351.0,53770,Q2
2022,2,TUCUMÁN,39,2195,34461,43513,23634,4863,145541,281.0,254527,Q2
2022,1,BUENOS AIRES,31591,30056,313382,321756,290127,161183,3381049,26280.0,4555424,Q1
2022,1,CABA,527,5575,39918,77390,61053,43289,1188072,1717.0,1417541,Q1
2022,1,CATAMARCA,71,456,4386,7009,8773,3761,35715,2207.0,62378,Q1
2022,1,CHACO,461,1099,16888,21235,20898,13012,62946,7580.0,144119,Q1
2022,1,CHUBUT,113,1677,61369,31856,33080,13871,14055,15607.0,171628,Q1
2022,1,CÓRDOBA,100,12782,165922,126009,73967,34892,577027,13104.0,1003803,Q1
2022,1,CORRIENTES,67,4029,24563,25665,27077,10452,43631,7094.0,142578,Q1
2022,1,ENTRE RÍOS,107,5745,50075,49620,42294,21578,81757,16750.0,267926,Q1
2022,1,FORMOSA,97,448,24113,6945,6613,716,15028,588.0,54548,Q1
2022,1,JUJUY,58,1761,22141,16321,37923,576,35287,2442.0,116509,Q1
2022,1,LA PAMPA,301,2223,62812,9869,12044,5250,14400,2833.0,109732,Q1
2022,1,LA RIOJA,18,778,3576,4692,23624,5645,45970,0.0,84303,Q1
2022,1,MENDOZA,114,3355,51230,26407,74178,21566,95048,3287.0,275185,Q1
2022,1,MISIONES,51,3873,35655,22261,26855,15854,58610,8349.0,171508,Q1
2022,1,NEUQUÉN,137,1123,39856,15623,11163,2654,71238,7885.0,149679,Q1
2022,1,RÍO NEGRO,116,1383,35565,18859,26926,14144,37729,22652.0,157374,Q1
2022,1,SALTA,114,1725,35576,68246,6313,2214,76838,6489.0,197515,Q1
2022,1,SAN JUAN,26,2269,32356,11914,25144,2088,11916,2465.0,88178,Q1
2022,1,SAN LUIS,61,643,8287,3837,9802,68612,13,28589.0,119844,Q1
2022,1,SANTA CRUZ,51,6898,12710,11502,12277,2628,2551,485.0,49102,Q1
2022,1,SANTA FE,468,12435,143796,208361,84787,58018,344170,18444.0,870479,Q1
2022,1,SANTIAGO DEL ESTERO,178,1401,30220,61170,13542,849,8309,792.0,116461,Q1
2022,1,TIERRA DEL FUEGO,24,894,12849,15640,18034,1767,982,2421.0,52611,Q1
2022,1,TUCUMÁN,39,2212,36028,46961,21014,5211,133846,273.0,245584,Q1
2021,4,BUENOS AIRES,37821,11026,352950,331292,297296,196021,3259793,22958.0,4509157,Q4
2021,4,CABA,563,1695,47133,81899,66135,66755,1147939,0.0,1412119,Q4
2021,4,CATAMARCA,71,0,6038,7855,9804,3262,29827,2233.0,59090,Q4
2021,4,CHACO,461,112,18845,22678,21937,13692,58435,7585.0,143745,Q4
2021,4,CHUBUT,126,1294,63698,39568,31175,5780,2904,15763.0,160308,Q4
2021,4,CÓRDOBA,100,2479,184548,130892,76246,41198,538700,12607.0,986770,Q4
2021,4,CORRIENTES,67,645,28830,26368,22922,10087,39911,7082.0,135912,Q4
2021,4,ENTRE RÍOS,107,3024,56043,49636,38295,24068,77290,16583.0,265046,Q4
2021,4,FORMOSA,84,0,22908,6983,6811,1135,13775,1967.0,53663,Q4
2021,4,JUJUY,58,175,22446,16793,38134,564,33421,2324.0,113915,Q4
2021,4,LA PAMPA,301,493,64840,9082,12259,4821,12184,3027.0,107007,Q4
2021,4,LA RIOJA,18,1,5018,5437,23559,5671,43424,0.0,83128,Q4
2021,4,MENDOZA,156,1463,66428,30308,75214,18621,75031,366.0,267587,Q4
2021,4,MISIONES,51,5,41916,23554,26721,15954,54596,8335.0,171132,Q4
2021,4,NEUQUÉN,140,940,42313,13264,10515,3310,69217,7767.0,147466,Q4
2021,4,RÍO NEGRO,156,1174,38373,19878,31255,4130,36142,22645.0,153753,Q4
2021,4,SALTA,114,20,40673,69324,6642,3535,72622,6475.0,199405,Q4
2021,4,SAN JUAN,44,1442,28906,10955,23978,398,9800,4435.0,79958,Q4
2021,4,SAN LUIS,62,264,8550,4276,9107,67363,9,29218.0,118849,Q4
2021,4,SANTA CRUZ,52,297,20305,11641,13054,1770,876,491.0,48486,Q4
2021,4,SANTA FE,467,581,169706,206856,85690,62349,322015,18777.0,866441,Q4
2021,4,SANTIAGO DEL ESTERO,178,909,31915,61524,12205,800,7537,793.0,115861,Q4
2021,4,TIERRA DEL FUEGO,26,385,13505,16534,16562,1748,1017,2580.0,52357,Q4
2021,4,TUCUMÁN,39,97,37321,48736,21023,5326,125857,240.0,238639,Q4
2021,3,BUENOS AIRES,37193,31149,1108940,248153,141383,192797,2482266,9728.0,4251609,Q3
2021,3,CABA,295,603,156978,67013,39785,73502,1075229,0.0,1413405,Q3
2021,3,CATAMARCA,71,0,6755,8428,10517,1659,26618,2206.0,56254,Q3
2021,3,CHACO,301,112,22545,20986,23852,14412,49705,7958.0,139871,Q3
2021,3,CHUBUT,104,105,89168,26281,18538,5320,1643,14907.0,156066,Q3
2021,3,CÓRDOBA,99,2452,204989,141285,65050,47198,476459,9256.0,946788,Q3
2021,3,CORRIENTES,67,645,29629,28478,24792,9687,35468,5053.0,133819,Q3
2021,3,ENTRE RÍOS,107,3024,61354,59776,39114,16284,67961,12755.0,260375,Q3
2021,3,FORMOSA,381,0,22778,7142,6978,1192,12707,1617.0,52795,Q3
2021,3,JUJUY,48,175,23884,16417,37755,561,29917,2401.0,111158,Q3
2021,3,LA PAMPA,298,313,65063,7395,8737,4023,10506,4152.0,100487,Q3
2021,3,LA RIOJA,18,1,5366,5979,23315,4868,42613,0.0,82160,Q3
2021,3,MENDOZA,36,31,151871,12640,62628,7596,21087,50.0,255939,Q3
2021,3,MISIONES,51,5,41932,25099,26079,14792,42291,8279.0,158528,Q3
2021,3,NEUQUÉN,112,327,57441,8566,6234,3631,57919,5579.0,139809,Q3
2021,3,RÍO NEGRO,125,557,68991,3730,14880,2282,34011,20009.0,144585,Q3
2021,3,SALTA,101,20,41431,70104,6962,3878,67010,6327.0,195833,Q3
2021,3,SAN JUAN,18,333,59873,752,13250,338,278,4641.0,79483,Q3
2021,3,SAN LUIS,60,0,11552,2405,6491,67942,22,29392.0,117864,Q3
2021,3,SANTA CRUZ,50,0,30561,8365,6799,1788,678,735.0,48976,Q3
2021,3,SANTA FE,467,579,193207,201250,83941,55080,290793,16267.0,841584,Q3
2021,3,SANTIAGO DEL ESTERO,123,909,32752,61838,11274,801,6863,898.0,115458,Q3
2021,3,TIERRA DEL FUEGO,17,0,23723,13397,9782,1433,976,895.0,50223,Q3
2021,3,TUCUMÁN,32,97,39446,50293,21986,5300,115154,164.0,232472,Q3
2021,2,BUENOS AIRES,37192,31178,1096049,244001,140322,236897,2337604,9108.0,4132351,Q2
2021,2,CABA,294,603,157558,73568,43859,86655,1037752,66.0,1400355,Q2
2021,2,CATAMARCA,71,0,7219,9091,6828,4941,25388,2206.0,55744,Q2
2021,2,CHACO,301,112,23444,21574,24032,16069,47239,7958.0,140729,Q2
2021,2,CHUBUT,104,105,89639,22605,16604,3896,1112,5172.0,139237,Q2
2021,2,CÓRDOBA,99,2452,201757,136516,66950,70824,442357,9925.0,930880,Q2
2021,2,CORRIENTES,67,645,29419,27037,24524,10059,32697,5053.0,129501,Q2
2021,2,ENTRE RÍOS,107,3024,63518,55349,39468,18484,61605,16077.0,257632,Q2
2021,2,FORMOSA,381,0,22364,7310,7460,1341,11077,1618.0,51551,Q2
2021,2,JUJUY,48,175,24182,16577,37908,607,29950,2401.0,111848,Q2
2021,2,LA PAMPA,298,554,64146,7769,8128,3399,9311,4062.0,97667,Q2
2021,2,LA RIOJA,18,1,5312,5971,23298,4825,42158,19.0,81602,Q2
2021,2,MENDOZA,36,31,137462,10886,56117,4403,20686,50.0,229671,Q2
2021,2,MISIONES,51,5,41643,25907,25811,16172,38308,8279.0,156176,Q2
2021,2,NEUQUÉN,112,327,57713,8631,5871,5943,54008,5645.0,138250,Q2
2021,2,RÍO NEGRO,125,557,69356,3663,15019,3867,31488,20009.0,144084,Q2
2021,2,SALTA,101,20,42543,67012,7099,9654,58882,6328.0,191639,Q2
2021,2,SAN JUAN,18,333,59989,784,12550,340,278,4641.0,78933,Q2
2021,2,SAN LUIS,60,0,11752,2703,5418,65946,22,36917.0,122818,Q2
2021,2,SANTA CRUZ,50,0,30595,8463,6888,1575,676,735.0,48982,Q2
2021,2,SANTA FE,467,896,202018,204077,80452,75195,262124,15371.0,840600,Q2
2021,2,SANTIAGO DEL ESTERO,123,909,32034,62224,10359,811,6064,1566.0,114090,Q2
2021,2,TIERRA DEL FUEGO,17,0,21335,6913,4580,476,889,1483.0,35693,Q2
2021,2,TUCUMÁN,32,97,40224,51648,23732,5022,109616,2680.0,233051,Q2
2021,1,BUENOS AIRES,36939,31187,1108368,240520,163747,222061,2246313,10867.0,4060002,Q1
2021,1,CABA,135,244,159662,76753,56457,83255,1003041,126.0,1379673,Q1
2021,1,CATAMARCA,71,0,7423,8455,10115,712,22996,2196.0,51968,Q1
2021,1,CHACO,301,112,24357,22102,27556,14496,42462,8384.0,139770,Q1
2021,1,CHUBUT,106,109,86986,21401,15392,2844,1112,4390.0,132340,Q1
2021,1,CÓRDOBA,93,2386,211799,135092,74659,71984,402191,12677.0,910881,Q1
2021,1,CORRIENTES,67,527,31544,26223,26169,9001,27641,5453.0,126625,Q1
2021,1,ENTRE RÍOS,105,2911,67255,56060,42432,15774,54600,12826.0,251963,Q1
2021,1,FORMOSA,56,0,22409,7569,7916,1215,9579,1942.0,50686,Q1
2021,1,JUJUY,49,175,23735,17293,40649,568,25609,2378.0,110456,Q1
2021,1,LA PAMPA,298,554,68200,7864,7611,2786,7368,2424.0,97105,Q1
2021,1,LA RIOJA,18,1,36749,5968,4604,215,5074,-1.0,52628,Q1
2021,1,MENDOZA,28,40,134386,11216,52533,4061,16615,44.0,218923,Q1
2021,1,MISIONES,51,524,40949,25503,27101,14050,32953,8256.0,149387,Q1
2021,1,NEUQUÉN,116,327,56171,8443,5903,5677,50840,5758.0,133235,Q1
2021,1,RÍO NEGRO,125,466,70011,4187,13045,3642,29589,20103.0,141168,Q1
2021,1,SALTA,109,20,40785,68149,9164,8139,54889,6319.0,187574,Q1
2021,1,SAN JUAN,25,194,60439,858,11494,340,276,4641.0,78267,Q1
2021,1,SAN LUIS,58,0,11889,2926,4429,62913,22,36917.0,119154,Q1
2021,1,SANTA CRUZ,50,0,30655,8334,6987,1337,647,-1945.0,46065,Q1
2021,1,SANTA FE,518,891,201632,204458,91846,65476,236924,24382.0,826127,Q1
2021,1,SANTIAGO DEL ESTERO,123,909,33884,58464,8549,700,4868,4144.0,111641,Q1
2021,1,TIERRA DEL FUEGO,17,0,21379,1468,4317,486,919,11836.0,40422,Q1
2021,1,TUCUMÁN,29,97,42810,53416,25255,4188,103437,2680.0,231912,Q1
2020,4,BUENOS AIRES,36939,31197,1109865,242243,214171,213588,2176242,9016.0,4033261,Q4
2020,4,CABA,135,244,160210,78123,60208,80269,1000073,268.0,1379530,Q4
2020,4,CATAMARCA,71,0,8843,8740,11436,591,20406,2309.0,52396,Q4
2020,4,CHACO,301,112,24782,22479,26802,15701,40949,7965.0,139091,Q4
2020,4,CHUBUT,106,109,88157,21824,12046,2818,1112,4402.0,130574,Q4
2020,4,CÓRDOBA,119,2386,214963,135262,82221,70013,384169,13568.0,902701,Q4
2020,4,CORRIENTES,67,527,31900,26321,25687,9383,26789,4985.0,125659,Q4
2020,4,ENTRE RÍOS,105,2911,65659,53556,40755,16600,53141,14654.0,247381,Q4
2020,4,FORMOSA,56,0,23540,7606,7181,1197,8946,1680.0,50206,Q4
2020,4,JUJUY,49,182,23772,14379,44930,446,19282,2811.0,105851,Q4
2020,4,LA PAMPA,298,554,70184,8124,6562,2396,6257,2520.0,96895,Q4
2020,4,LA RIOJA,18,1,36906,6060,4633,181,4979,0.0,52778,Q4
2020,4,MENDOZA,28,40,146312,11172,40396,3378,11557,2570.0,215453,Q4
2020,4,MISIONES,51,524,39988,26078,26445,14810,32264,7001.0,147161,Q4
2020,4,NEUQUÉN,116,327,56434,8478,5791,5493,50776,5720.0,133135,Q4
2020,4,RÍO NEGRO,125,466,70305,4153,13131,3512,29372,20146.0,141210,Q4
2020,4,SALTA,109,514,41443,68829,15188,8291,46697,6319.0,187390,Q4
2020,4,SAN JUAN,25,194,61316,740,5126,332,275,4588.0,72596,Q4
2020,4,SAN LUIS,58,0,14020,3490,2688,62239,22,36918.0,119435,Q4
2020,4,SANTA CRUZ,47,0,27173,4382,6634,1033,647,758.0,40674,Q4
2020,4,SANTA FE,518,891,206372,203793,94246,65145,226246,23602.0,820813,Q4
2020,4,SANTIAGO DEL ESTERO,123,909,34518,57590,4666,411,4520,3932.0,106669,Q4
2020,4,TIERRA DEL FUEGO,17,0,21881,6119,3497,488,922,6690.0,39614,Q4
2020,4,TUCUMÁN,29,97,44095,54334,32155,4105,93594,2680.0,231089,Q4
2020,3,BUENOS AIRES,37542,31514,1113823,234710,219772,194248,2085815,19853.0,3937277,Q3
2020,3,CABA,264,312,162222,85083,68753,78028,977766,247.0,1372675,Q3
2020,3,CATAMARCA,63,0,8276,8768,11195,562,18886,2154.0,49904,Q3
2020,3,CHACO,308,112,24675,21639,27546,13751,38729,7194.0,133954,Q3
2020,3,CHUBUT,158,109,87559,22114,12217,2818,1110,3942.0,130027,Q3
2020,3,CÓRDOBA,168,3064,218599,124833,84236,63823,361021,11728.0,867472,Q3
2020,3,CORRIENTES,72,527,35190,23315,25308,8615,25344,5020.0,123391,Q3
2020,3,ENTRE RÍOS,130,2911,66648,51478,40797,14377,49395,15759.0,241495,Q3
2020,3,FORMOSA,391,151,23163,7432,7125,991,8219,1737.0,49209,Q3
2020,3,JUJUY,55,182,32131,10566,45198,293,15238,3065.0,106728,Q3
2020,3,LA PAMPA,293,810,66695,7820,5577,2189,6322,4029.0,93735,Q3
2020,3,LA RIOJA,21,1,37105,5955,4660,124,4748,2.0,52616,Q3
2020,3,MENDOZA,58,40,141404,12123,42433,3448,8237,45.0,207788,Q3
2020,3,MISIONES,71,524,39005,24215,25942,13663,30987,8779.0,143186,Q3
2020,3,NEUQUÉN,218,327,60463,6561,5975,5449,49439,803.0,129235,Q3
2020,3,RÍO NEGRO,114,466,68986,3769,7096,3455,28488,19093.0,131467,Q3
2020,3,SALTA,129,514,32780,64736,15990,7928,43773,14996.0,180846,Q3
2020,3,SAN JUAN,48,194,65526,711,6529,41,128,4150.0,77327,Q3
2020,3,SAN LUIS,105,0,12199,3351,2666,61319,8,36917.0,116565,Q3
2020,3,SANTA CRUZ,66,0,26888,4015,6730,629,120,833.0,39281,Q3
2020,3,SANTA FE,568,1241,213353,199381,92095,58797,210562,27001.0,802998,Q3
2020,3,SANTIAGO DEL ESTERO,133,909,33287,57418,4658,292,3994,4801.0,105492,Q3
2020,3,TIERRA DEL FUEGO,11,0,22094,5414,3726,481,937,6992.0,39655,Q3
2020,3,TUCUMÁN,52,97,45913,54610,33126,3246,84195,2637.0,223876,Q3
2020,2,BUENOS AIRES,37542,31606,1129236,241336,233132,188995,1894466,21233.0,3777546,Q2
2020,2,CABA,264,312,166474,94585,79858,80160,935481,687.0,1357821,Q2
2020,2,CATAMARCA,63,0,8801,8690,10242,426,16578,3176.0,47976,Q2
2020,2,CHACO,308,928,24350,21140,29044,12082,33311,6969.0,128132,Q2
2020,2,CHUBUT,158,109,69578,22188,10537,1473,614,3999.0,108656,Q2
2020,2,CÓRDOBA,168,4383,219025,125932,89530,63216,325243,8971.0,836468,Q2
2020,2,CORRIENTES,72,527,34242,22845,25844,7898,22418,5020.0,118866,Q2
2020,2,ENTRE RÍOS,130,3679,66758,50640,42090,12856,43391,14569.0,234113,Q2
2020,2,FORMOSA,391,151,23534,7109,6998,961,7475,1313.0,47932,Q2
2020,2,JUJUY,55,182,30548,10519,26829,209,9417,16557.0,94316,Q2
2020,2,LA PAMPA,293,810,71218,7531,3800,1657,3377,1123.0,89809,Q2
2020,2,LA RIOJA,21,1,37375,5661,4686,73,4336,2.0,52155,Q2
2020,2,MENDOZA,58,40,142253,12439,35274,3248,5422,2450.0,201184,Q2
2020,2,MISIONES,71,524,39867,23719,26445,12305,28763,8646.0,140340,Q2
2020,2,NEUQUÉN,218,327,61171,6103,6625,5296,46432,0.0,126172,Q2
2020,2,RÍO NEGRO,114,466,70817,3335,7498,3246,26953,17057.0,129486,Q2
2020,2,SALTA,129,514,41801,64463,16989,7741,39594,6531.0,177762,Q2
2020,2,SAN JUAN,48,194,59113,917,4908,40,127,4430.0,69777,Q2
2020,2,SAN LUIS,105,0,11439,3585,1934,60889,8,35992.0,113952,Q2
2020,2,SANTA CRUZ,66,0,26938,4166,6541,546,119,493.0,38869,Q2
2020,2,SANTA FE,568,2061,213054,198772,96575,57236,189473,20193.0,777932,Q2
2020,2,SANTIAGO DEL ESTERO,133,1779,32557,57709,5178,247,3328,4516.0,105447,Q2
2020,2,TIERRA DEL FUEGO,11,0,22325,5186,3034,391,796,7446.0,39189,Q2
2020,2,TUCUMÁN,52,97,49028,54537,34184,2246,74377,2635.0,217156,Q2
2020,1,BUENOS AIRES,38215,36802,1122034,236421,247977,205780,1802583,28935.0,3718747,Q1
2020,1,CABA,264,312,169651,102254,89665,85899,906009,0.0,1354054,Q1
2020,1,CATAMARCA,63,0,8838,7543,9558,408,10299,2151.0,38860,Q1
2020,1,CHACO,308,928,23291,19976,29851,10416,28539,6917.0,120226,Q1
2020,1,CHUBUT,158,109,69586,12957,7756,1240,614,4500.0,96920,Q1
2020,1,CÓRDOBA,142,5128,217229,120188,95827,65733,296875,9802.0,810924,Q1
2020,1,CORRIENTES,72,527,33479,21382,26679,7351,19467,4780.0,113737,Q1
2020,1,ENTRE RÍOS,130,4081,72280,47132,41125,11988,39794,13762.0,230292,Q1
2020,1,FORMOSA,1127,342,23761,6500,6564,964,6918,100.0,46276,Q1
2020,1,JUJUY,55,182,33120,9979,26693,166,7349,16545.0,94089,Q1
2020,1,LA PAMPA,293,811,72740,7199,3029,1342,2113,1618.0,89145,Q1
2020,1,LA RIOJA,21,1,37209,5158,4640,22,1294,0.0,48345,Q1
2020,1,MENDOZA,58,40,140410,12285,17489,2860,3818,0.0,176960,Q1
2020,1,MISIONES,71,524,36622,21271,26433,11581,26313,10885.0,133700,Q1
2020,1,NEUQUÉN,218,327,60152,5257,7123,5399,43738,0.0,122214,Q1
2020,1,RÍO NEGRO,114,466,69154,2930,7857,3199,25488,17719.0,126927,Q1
2020,1,SALTA,129,514,38537,63714,17991,8625,34744,6441.0,170695,Q1
2020,1,SAN JUAN,48,194,59787,1594,1292,40,127,4779.0,67861,Q1
2020,1,SAN LUIS,105,0,11322,4164,525,58258,5,36075.0,110454,Q1
2020,1,SANTA CRUZ,67,11,27447,4993,5169,529,119,0.0,38335,Q1
2020,1,SANTA FE,696,2994,217553,196826,104560,48448,173823,17656.0,762556,Q1
2020,1,SANTIAGO DEL ESTERO,133,1779,33086,56884,3737,135,2799,4501.0,103054,Q1
2020,1,TIERRA DEL FUEGO,11,1,22976,5024,1834,196,518,7046.0,37606,Q1
2020,1,TUCUMÁN,52,97,49555,50383,31096,1730,67536,0.0,200449,Q1
2019,4,BUENOS AIRES,33489,27537,1177446,262297,247106,452570,1465133,20676.0,3686254,Q4
2019,4,CABA,307,15,177098,110218,110852,205810,753805,0.0,1358105,Q4
2019,4,CATAMARCA,63,0,9945,7619,9305,804,7477,3098.0,38311,Q4
2019,4,CHACO,83,0,25899,18959,30902,13516,21556,6988.0,117903,Q4
2019,4,CHUBUT,158,4,69405,12945,7615,1240,614,4121.0,96102,Q4
2019,4,CÓRDOBA,142,0,232781,118232,109330,114111,221742,10350.0,806688,Q4
2019,4,CORRIENTES,72,0,35055,20620,27367,9981,15744,4995.0,113834,Q4
2019,4,ENTRE RÍOS,47,0,88203,44511,42962,18976,30153,14178.0,239030,Q4
2019,4,FORMOSA,1127,191,24606,6319,6788,1766,5671,243.0,46711,Q4
2019,4,JUJUY,55,0,32920,9632,26764,102,5286,14122.0,88881,Q4
2019,4,LA PAMPA,293,313,76747,6900,1951,1287,1342,1566.0,90399,Q4
2019,4,LA RIOJA,21,0,37846,5045,4763,22,1305,0.0,49002,Q4
2019,4,MENDOZA,746,9,145139,12955,15237,2165,2628,6901.0,185780,Q4
2019,4,MISIONES,71,0,39664,20840,27305,15626,20799,11508.0,135813,Q4
2019,4,NEUQUÉN,218,1,57370,4439,7357,12059,35001,0.0,116445,Q4
2019,4,RÍO NEGRO,114,0,71847,2797,8558,6968,19837,17019.0,127140,Q4
2019,4,SALTA,149,1,42159,67656,15369,14170,25821,7120.0,172445,Q4
2019,4,SAN JUAN,48,1,60626,1594,1292,40,127,1246.0,64974,Q4
2019,4,SAN LUIS,105,0,11901,4164,525,55216,3,36287.0,108201,Q4
2019,4,SANTA CRUZ,67,0,32368,4346,2224,7,8,350.0,39370,Q4
2019,4,SANTA FE,698,0,230234,190664,113527,70998,135576,27472.0,769169,Q4
2019,4,SANTIAGO DEL ESTERO,133,908,34911,56309,3756,105,2449,5017.0,103588,Q4
2019,4,TIERRA DEL FUEGO,11,0,23593,5050,1848,139,1962,7789.0,40392,Q4
2019,4,TUCUMÁN,55,0,54544,52017,28916,6405,56707,0.0,198644,Q4
2019,3,BUENOS AIRES,238920,44648,1432722,222812,260506,483572,1246209,42294.0,3971683,Q3
2019,3,CABA,104,368,269704,120924,138011,258591,655108,0.0,1442810,Q3
2019,3,CATAMARCA,34,43,14449,9285,6333,72,15,2151.0,32382,Q3
2019,3,CHACO,69,1216,32764,28198,13336,12987,16740,6917.0,112227,Q3
2019,3,CHUBUT,74,840,62680,13033,7171,1240,614,4500.0,90152,Q3
2019,3,CÓRDOBA,83,5824,240151,106651,118486,146247,157546,7353.0,782341,Q3
2019,3,CORRIENTES,10,597,42231,29628,10348,10388,12674,4780.0,110656,Q3
2019,3,ENTRE RÍOS,19,4446,99656,56161,17064,21216,22645,15107.0,236314,Q3
2019,3,FORMOSA,1110,349,24943,6049,7117,2262,4443,100.0,46373,Q3
2019,3,JUJUY,27,885,31722,9240,26835,56,3671,16545.0,88981,Q3
2019,3,LA PAMPA,237,3289,75849,5922,1611,1359,941,1618.0,90826,Q3
2019,3,LA RIOJA,9,10,38657,4786,4887,22,1307,0.0,49678,Q3
2019,3,MENDOZA,21,1269,206821,2958,10093,1263,349,0.0,222774,Q3
2019,3,MISIONES,47,1928,43530,29375,11256,16107,16650,12206.0,131099,Q3
2019,3,NEUQUÉN,45,2258,62909,4586,9597,16923,28458,122.0,124898,Q3
2019,3,RÍO NEGRO,47,1234,87435,2348,9779,10176,15505,17719.0,144243,Q3
2019,3,SALTA,49,900,43160,62230,14309,11418,12357,7515.0,151938,Q3
2019,3,SAN JUAN,22,171,68315,2245,1267,41,128,4779.0,76968,Q3
2019,3,SAN LUIS,57,100,18643,5113,467,62242,5,36075.0,122702,Q3
2019,3,SANTA CRUZ,28,84,31612,4472,1203,27,4,0.0,37430,Q3
2019,3,SANTA FE,640,8184,242454,193286,107068,84325,97082,19537.0,752576,Q3
2019,3,SANTIAGO DEL ESTERO,39,1832,35554,55172,3612,86,1836,34501.0,132632,Q3
2019,3,TIERRA DEL FUEGO,6,14,32133,4692,1756,82,226,9648.0,48557,Q3
2019,3,TUCUMÁN,16,110,71043,47693,24354,843,20385,0.0,164444,Q3
2019,2,BUENOS AIRES,199768,46852,1436259,217785,438663,502275,985767,43438.0,3870807,Q2
2019,2,CABA,74,1027,281370,124087,239691,296155,475991,,1418395,Q2
2019,2,CATAMARCA,34,43,16631,8670,6049,34,10,2151.0,33622,Q2
2019,2,CHACO,69,1383,38488,26431,16789,15348,9904,1492.0,109904,Q2
2019,2,CHUBUT,66,3952,69032,10049,1495,74,165,4500.0,89333,Q2
2019,2,CÓRDOBA,81,8165,248427,100512,157458,170159,76053,8938.0,769793,Q2
2019,2,CORRIENTES,10,3012,40424,27774,13114,11928,7119,6080.0,109461,Q2
2019,2,ENTRE RÍOS,18,5905,100687,52316,23196,24221,10664,17206.0,234213,Q2
2019,2,FORMOSA,1110,349,26512,5399,8384,2639,2258,100.0,46751,Q2
2019,2,JUJUY,27,940,26233,8441,26700,27,2600,21765.0,86733,Q2
2019,2,LA PAMPA,236,3289,75406,5191,1366,1445,629,2661.0,90223,Q2
2019,2,LA RIOJA,9,11,39819,4297,4857,13,1298,,50304,Q2
2019,2,MENDOZA,20,2522,205165,2971,10092,1256,234,,222260,Q2
2019,2,MISIONES,47,2226,45769,27385,15408,18882,8129,12206.0,130052,Q2
2019,2,NEUQUÉN,302,3038,61776,4688,17318,21210,14132,422.0,122886,Q2
2019,2,RÍO NEGRO,384,1354,86366,2201,10291,12407,6907,18519.0,138429,Q2
2019,2,SALTA,49,974,59638,36923,16961,14059,6461,7585.0,142650,Q2
2019,2,SAN JUAN,22,213,60913,2177,785,7,4,6119.0,70240,Q2
2019,2,SAN LUIS,57,102,16575,4964,467,57236,5,37977.0,117383,Q2
2019,2,SANTA CRUZ,25,84,24861,3806,1202,28,4,,30010,Q2
2019,2,SANTA FE,321,8427,300124,125176,129741,100131,49865,22323.0,736108,Q2
2019,2,SANTIAGO DEL ESTERO,39,1832,63268,21362,3741,108,1205,34501.0,126056,Q2
2019,2,TIERRA DEL FUEGO,6,123,41824,4241,1573,96,32,,47895,Q2
2019,2,TUCUMÁN,16,157,78891,44296,24291,628,18394,,166673,Q2
2019,1,BUENOS AIRES,162513,72296,1429964,202511,576428,576859,705769,6369.0,3732709,Q1
2019,1,CABA,74,7417,283787,131007,330122,365713,283463,0.0,1401583,Q1
2019,1,CATAMARCA,34,1708,18761,6443,5606,29,7,2151.0,34739,Q1
2019,1,CHACO,69,3801,38719,25632,18965,12393,6368,1035.0,106982,Q1
2019,1,CHUBUT,66,3938,71077,6571,787,74,165,0.0,82678,Q1
2019,1,CÓRDOBA,81,20403,242769,96997,200681,127965,50716,6806.0,746418,Q1
2019,1,CORRIENTES,10,6470,38402,26562,15498,9688,5029,0.0,101659,Q1
2019,1,ENTRE RÍOS,18,9217,107013,50068,28957,18146,7619,12142.0,233180,Q1
2019,1,FORMOSA,1110,3023,23085,5301,9027,2099,1654,0.0,45299,Q1
2019,1,JUJUY,27,2817,30727,7811,4021,30,1141,37162.0,83736,Q1
2019,1,LA PAMPA,236,8327,70538,4466,1061,1354,405,698.0,87085,Q1
2019,1,LA RIOJA,9,1169,40285,4088,5216,17,869,0.0,51653,Q1
2019,1,MENDOZA,20,1786,205383,2837,5702,111,140,0.0,215979,Q1
2019,1,MISIONES,47,5946,45266,25890,19111,16552,5167,7654.0,125633,Q1
2019,1,NEUQUÉN,1328,3055,52360,1781,21452,17135,11026,6105.0,114242,Q1
2019,1,RÍO NEGRO,384,1583,84845,2037,13615,9567,5076,3719.0,120826,Q1
2019,1,SALTA,49,4232,59244,36473,22910,10861,2242,1.0,136012,Q1
2019,1,SAN JUAN,22,229,62380,266,520,3,2,560.0,63982,Q1
2019,1,SAN LUIS,57,120,21380,53214,345,6,2,23577.0,98701,Q1
2019,1,SANTA CRUZ,25,128,21990,2731,702,26,4,0.0,25606,Q1
2019,1,SANTA FE,333,29350,296798,122959,153212,74575,36502,18591.0,732320,Q1
2019,1,SANTIAGO DEL ESTERO,39,3372,62895,20691,3959,85,494,0.0,91535,Q1
2019,1,TIERRA DEL FUEGO,6,131,38851,3623,641,80,29,0.0,43361,Q1
2019,1,TUCUMÁN,16,5188,82240,42877,26210,847,14839,0.0,172217,Q1
2018,4,BUENOS AIRES,134673,73761,1422463,194426,577679,949093,265386,19125.0,3636606,Q4
2018,4,CABA,74,7388,283281,143309,330496,437662,186810,0.0,1389020,Q4
2018,4,CATAMARCA,34,1669,17955,6425,5461,29,7,2003.0,33583,Q4
2018,4,CHACO,69,3405,36437,25633,18965,12393,6368,0.0,103270,Q4
2018,4,CHUBUT,66,3917,66061,6215,531,623,165,1144.0,78722,Q4
2018,4,CÓRDOBA,81,24102,228475,97277,201639,128053,48809,8903.0,737339,Q4
2018,4,CORRIENTES,10,6438,37376,26562,15498,9688,5029,0.0,100601,Q4
2018,4,ENTRE RÍOS,18,8769,94780,50027,29002,18146,7612,13693.0,222047,Q4
2018,4,FORMOSA,1110,3074,22962,5285,9027,2092,1654,0.0,45204,Q4
2018,4,JUJUY,27,2803,30727,7811,4021,30,1141,43573.0,90133,Q4
2018,4,LA PAMPA,241,7727,70508,3661,978,1328,270,923.0,85636,Q4
2018,4,LA RIOJA,9,1164,40285,4088,5216,17,869,3.0,51651,Q4
2018,4,MENDOZA,20,1463,197450,2494,4726,19,132,0.0,206304,Q4
2018,4,MISIONES,47,5981,43267,26019,19226,16566,5167,0.0,116273,Q4
2018,4,NEUQUÉN,1328,3044,52313,1781,21452,17135,11025,6287.0,114365,Q4
2018,4,RÍO NEGRO,384,1225,83412,643,13440,9569,5070,3094.0,116837,Q4
2018,4,SALTA,49,3659,58492,36365,22910,10861,2242,0.0,134578,Q4
2018,4,SAN JUAN,22,1465,59811,180,312,1,1,606.0,62398,Q4
2018,4,SAN LUIS,57,109,19164,53183,119,62,2,23635.0,96331,Q4
2018,4,SANTA CRUZ,25,115,23107,779,206,1,4,531.0,24768,Q4
2018,4,SANTA FE,335,31397,276301,121009,152039,74432,36427,28450.0,720390,Q4
2018,4,SANTIAGO DEL ESTERO,39,3250,61347,20127,3686,77,483,326.0,89335,Q4
2018,4,TIERRA DEL FUEGO,6,27,29919,6323,9894,24,67,0.0,46260,Q4
2018,4,TUCUMÁN,16,5244,82089,42766,26111,847,14839,92.0,172004,Q4
2018,3,BUENOS AIRES,991,80459,1445733,190805,636090,897964,237248,120464.0,3609754,Q3
2018,3,CABA,73,8493,287919,147253,370677,415020,165055,0.0,1394490,Q3
2018,3,CATAMARCA,34,1994,18475,6358,5320,34,7,2151.0,34373,Q3
2018,3,CHACO,70,3503,38729,24916,20335,11085,5667,1035.0,105340,Q3
2018,3,CHUBUT,67,3951,91096,6162,531,623,164,0.0,102594,Q3
2018,3,CÓRDOBA,81,24767,224471,96372,221984,109333,39854,6490.0,723352,Q3
2018,3,CORRIENTES,11,6754,38364,24953,16601,8357,4419,0.0,99459,Q3
2018,3,ENTRE RÍOS,18,9048,96095,45651,31353,15111,6786,0.0,204062,Q3
2018,3,FORMOSA,1110,3365,22624,5259,9336,1729,1434,0.0,44857,Q3
2018,3,JUJUY,345,3020,29048,7756,4066,39,623,0.0,44897,Q3
2018,3,LA PAMPA,242,8417,68507,3153,920,1189,216,698.0,83342,Q3
2018,3,LA RIOJA,9,1291,40647,4138,5425,20,339,0.0,51869,Q3
2018,3,MENDOZA,20,1525,199297,2476,4727,27,129,0.0,208201,Q3
2018,3,MISIONES,48,5749,39617,24747,21212,14674,4547,0.0,110594,Q3
2018,3,NEUQUÉN,1396,2244,55822,1647,23785,15218,9718,6105.0,115935,Q3
2018,3,RÍO NEGRO,409,5221,75929,512,14912,8470,4332,3719.0,113504,Q3
2018,3,SALTA,116,3721,61795,32782,25582,9224,502,0.0,133722,Q3
2018,3,SAN JUAN,22,1326,62525,180,312,3,1,0.0,64369,Q3
2018,3,SAN LUIS,57,109,19170,52940,119,63,2,1902.0,74362,Q3
2018,3,SANTA CRUZ,26,116,32815,778,206,1,3,0.0,33945,Q3
2018,3,SANTA FE,467,36786,269211,115907,162545,62479,31266,13911.0,692572,Q3
2018,3,SANTIAGO DEL ESTERO,41,2550,60260,19116,3806,64,265,0.0,86102,Q3
2018,3,TIERRA DEL FUEGO,6,187,41569,2270,231,24,13,0.0,44300,Q3
2018,3,TUCUMÁN,16,5993,81559,43282,27062,941,12187,0.0,171040,Q3
2018,2,BUENOS AIRES,1009,81354,1459443,295457,816056,536049,199589,113357.0,3502314,Q2
2018,2,CABA,73,9234,290291,219166,445345,264805,142253,0.0,1371167,Q2
2018,2,CATAMARCA,34,2414,14624,6112,4347,36,6,6500.0,34073,Q2
2018,2,CHACO,70,2968,34167,24282,21887,9251,4630,1035.0,98290,Q2
2018,2,CHUBUT,67,4471,85598,5369,4,5,9,5010.0,100533,Q2
2018,2,CÓRDOBA,81,21779,219630,102596,244291,78852,34950,8110.0,710289,Q2
2018,2,CORRIENTES,11,7047,38268,24066,17926,6780,3862,0.0,97960,Q2
2018,2,ENTRE RÍOS,18,8179,94459,44570,34281,12012,5920,0.0,199439,Q2
2018,2,FORMOSA,1110,3568,22409,5176,9727,1313,1243,0.0,44546,Q2
2018,2,JUJUY,345,3320,29319,8083,3977,44,7,0.0,45095,Q2
2018,2,LA PAMPA,244,8797,68083,2409,965,969,179,698.0,82344,Q2
2018,2,LA RIOJA,9,1384,40679,4198,5640,20,15,0.0,51945,Q2
2018,2,MENDOZA,20,1658,164596,515,266,17,72,33788.0,200932,Q2
2018,2,MISIONES,48,6092,39489,23569,23747,11888,3866,0.0,108699,Q2
2018,2,NEUQUÉN,1396,2408,56035,1314,26417,12442,8551,6105.0,114668,Q2
2018,2,RÍO NEGRO,409,5298,75056,523,16480,6663,3725,3975.0,112129,Q2
2018,2,SALTA,116,3990,61763,33285,28431,7239,182,0.0,135006,Q2
2018,2,SAN JUAN,22,1378,57591,11,0,3,0,5068.0,64073,Q2
2018,2,SAN LUIS,57,101,11992,11,0,7,2,9284.0,21454,Q2
2018,2,SANTA CRUZ,26,120,28600,655,100,1,3,4267.0,33772,Q2
2018,2,SANTA FE,744,34267,262603,112143,175540,50525,26512,22257.0,684591,Q2
2018,2,SANTIAGO DEL ESTERO,41,2717,41362,18721,3278,31,31,17589.0,83770,Q2
2018,2,TIERRA DEL FUEGO,6,188,40912,2217,75,0,0,107.0,43505,Q2
2018,2,TUCUMÁN,16,6735,79899,44968,27059,1084,8784,1305.0,169850,Q2
2018,1,BUENOS AIRES,1514,74766,1445752,292732,886678,480237,184203,105818.0,3471700,Q1
2018,1,CABA,89,10039,292566,222737,487826,227953,127384,0.0,1368594,Q1
2018,1,CATAMARCA,34,2896,14770,6145,3539,41,4,6500.0,33929,Q1
2018,1,CHACO,70,3261,32516,24488,23296,8219,3897,1035.0,96782,Q1
2018,1,CHUBUT,67,4314,83161,5358,4,5,9,5010.0,97928,Q1
2018,1,CÓRDOBA,281,23922,222815,104300,266259,57137,29228,10049.0,713991,Q1
2018,1,CORRIENTES,11,5005,37152,24038,19068,5890,3256,0.0,94420,Q1
2018,1,ENTRE RÍOS,18,8861,90080,45599,37401,9818,5071,0.0,196848,Q1
2018,1,FORMOSA,1110,3803,10092,5117,10061,1091,1046,0.0,32320,Q1
2018,1,JUJUY,345,4807,27219,8044,3925,49,4,0.0,44393,Q1
2018,1,LA PAMPA,245,8119,67104,1616,1076,614,98,3503.0,82375,Q1
2018,1,LA RIOJA,9,1485,40680,4217,5831,19,1,0.0,52242,Q1
2018,1,MENDOZA,20,1662,164599,501,266,19,72,33788.0,200927,Q1
2018,1,MISIONES,48,4700,35820,23291,26223,10241,3219,0.0,103542,Q1
2018,1,NEUQUÉN,1396,2367,59468,1311,29012,9709,7378,6105.0,116746,Q1
2018,1,RÍO NEGRO,409,5333,74894,530,17997,4972,3129,3975.0,111239,Q1
2018,1,SALTA,116,4459,60334,33088,30771,5145,88,0.0,134001,Q1
2018,1,SAN JUAN,22,1058,57078,11,0,3,0,5068.0,63240,Q1
2018,1,SAN LUIS,57,101,11920,11,0,7,2,9284.0,21382,Q1
2018,1,SANTA CRUZ,26,120,28600,655,100,1,3,4267.0,33772,Q1
2018,1,SANTA FE,1359,33639,262008,108576,188900,39589,22801,23181.0,680053,Q1
2018,1,SANTIAGO DEL ESTERO,41,2910,41298,18914,3449,33,2,17589.0,84236,Q1
2018,1,TIERRA DEL FUEGO,6,307,33987,2,0,0,0,107.0,34409,Q1
2018,1,TUCUMÁN,16,7472,78811,45675,26405,1218,7082,1305.0,167984,Q1
2017,4,BUENOS AIRES,3865,55046,1551194,264645,712513,335140,151747,114182.0,3188332,Q4
2017,4,CABA,314,31411,517018,284040,458120,178396,114939,0.0,1584238,Q4
2017,4,CATAMARCA,34,3182,15315,5904,2927,43,2,2151.0,29558,Q4
2017,4,CHACO,70,3432,37144,24088,20123,7290,3289,1035.0,96471,Q4
2017,4,CHUBUT,67,4313,83676,5355,7,5,9,0.0,93432,Q4
2017,4,CÓRDOBA,291,25411,280837,102892,217602,40898,24251,8429.0,700611,Q4
2017,4,CORRIENTES,11,5220,41080,23686,16046,5053,2675,0.0,93771,Q4
2017,4,ENTRE RÍOS,1685,9078,95466,45189,30010,7958,4113,0.0,193499,Q4
2017,4,FORMOSA,1110,4061,13220,4867,6996,977,824,0.0,32055,Q4
2017,4,JUJUY,345,5364,26566,7721,3507,44,3,0.0,43550,Q4
2017,4,LA PAMPA,310,8729,66053,1227,792,391,81,3503.0,81086,Q4
2017,4,LA RIOJA,9,1488,40777,4083,5813,22,3,0.0,52195,Q4
2017,4,MENDOZA,26,1656,177646,438,278,29,81,0.0,180154,Q4
2017,4,MISIONES,1053,3900,41723,23131,22262,9091,2735,0.0,103895,Q4
2017,4,NEUQUÉN,1396,2372,68036,1325,22781,7528,6300,6105.0,115843,Q4
2017,4,RÍO NEGRO,409,5598,81078,485,12502,3447,2440,3719.0,109678,Q4
2017,4,SALTA,636,4275,73284,32842,18968,3559,84,0.0,133648,Q4
2017,4,SAN JUAN,22,1062,57525,9,0,2,2,0.0,58622,Q4
2017,4,SAN LUIS,59,101,12822,8,0,1,7,1902.0,14900,Q4
2017,4,SANTA CRUZ,68,78,29073,655,100,1,3,0.0,29978,Q4
2017,4,SANTA FE,3109,34132,309998,108939,151329,30736,19602,14119.0,671964,Q4
2017,4,SANTIAGO DEL ESTERO,41,3091,43544,18773,3359,32,2,0.0,68842,Q4
2017,4,TIERRA DEL FUEGO,6,310,31334,2,0,0,0,0.0,31652,Q4
2017,4,TUCUMÁN,105,8164,78750,45241,24318,1303,4367,0.0,162248,Q4
2017,3,BUENOS AIRES,6577,51411,1733479,311652,676137,140812,108400,0.0,3028468,Q3
2017,3,CABA,283,33924,590689,311411,426300,120675,91917,0.0,1575199,Q3
2017,3,CATAMARCA,52,3204,15383,5758,2563,50,1,0.0,27011,Q3
2017,3,CHACO,95,3496,40059,23008,20307,3827,2004,0.0,92796,Q3
2017,3,CHUBUT,436,3989,71843,2336,3,0,0,0.0,78607,Q3
2017,3,CÓRDOBA,327,26154,309161,100113,189302,38131,16741,0.0,679929,Q3
2017,3,CORRIENTES,24,5629,44305,22785,15576,2635,1607,0.0,92561,Q3
2017,3,ENTRE RÍOS,1691,7545,98032,42947,29011,3878,2397,0.0,185501,Q3
2017,3,FORMOSA,1063,3716,13752,5187,6056,899,459,0.0,31132,Q3
2017,3,JUJUY,337,5723,26835,7369,2962,41,2,0.0,43269,Q3
2017,3,LA PAMPA,343,8244,64794,855,588,327,51,0.0,75202,Q3
2017,3,LA RIOJA,16,1497,40882,3899,5604,23,3,0.0,51924,Q3
2017,3,MENDOZA,32,95,158461,115,67,29,19,0.0,158818,Q3
2017,3,MISIONES,1058,4123,42900,22808,23913,3843,1881,0.0,100526,Q3
2017,3,NEUQUÉN,2036,1457,72532,1034,20213,7067,4937,0.0,109276,Q3
2017,3,RÍO NEGRO,422,5641,83900,306,10116,2965,1659,0.0,105009,Q3
2017,3,SALTA,645,4494,78830,32433,14620,2315,63,0.0,133400,Q3
2017,3,SAN JUAN,31,1077,57582,1,0,2,2,0.0,58695,Q3
2017,3,SAN LUIS,63,3,12325,7,0,1,7,0.0,12406,Q3
2017,3,SANTA CRUZ,188,23,29102,542,66,33,1,0.0,29955,Q3
2017,3,SANTA FE,3116,34019,320017,104453,125339,24536,12982,0.0,624462,Q3
2017,3,SANTIAGO DEL ESTERO,69,3288,40435,18489,3047,30,2,0.0,65360,Q3
2017,3,TIERRA DEL FUEGO,9,297,33858,0,0,0,0,0.0,34164,Q3
2017,3,TUCUMÁN,109,8948,83070,45302,20514,1361,655,0.0,159959,Q3
2017,2,BUENOS AIRES,7548,47472,1910156,299009,573298,93059,46178,0.0,2976720,Q2
2017,2,CABA,556,35663,726223,304970,378571,80234,37977,0.0,1564194,Q2
2017,2,CATAMARCA,15,3318,15655,5325,2342,47,1,0.0,26703,Q2
2017,2,CHACO,191,3733,42590,22349,18044,3157,545,0.0,90609,Q2
2017,2,CHUBUT,403,4186,73760,1880,0,0,0,0.0,80229,Q2
2017,2,CÓRDOBA,251,26862,370865,88479,146683,20351,5069,0.0,658560,Q2
2017,2,CORRIENTES,15,5912,46483,21776,13043,2218,647,0.0,90094,Q2
2017,2,ENTRE RÍOS,1680,7944,104422,41800,23524,2604,823,0.0,182797,Q2
2017,2,FORMOSA,1486,3419,14787,4795,4583,749,139,0.0,29958,Q2
2017,2,JUJUY,311,5877,26915,6974,2538,42,1,0.0,42658,Q2
2017,2,LA PAMPA,356,8633,59045,558,336,244,21,0.0,69193,Q2
2017,2,LA RIOJA,9,1554,9304,3599,1796,24,2,0.0,16288,Q2
2017,2,MENDOZA,109,24,177203,92,50,5,22,0.0,177505,Q2
2017,2,MISIONES,1011,4447,47244,22033,21599,2892,570,0.0,99796,Q2
2017,2,NEUQUÉN,1542,1395,81272,849,18051,4774,1703,0.0,109586,Q2
2017,2,RÍO NEGRO,973,5606,88085,245,7990,1921,559,0.0,105379,Q2
2017,2,SALTA,594,4719,67576,23185,11333,1068,76,0.0,108551,Q2
2017,2,SAN JUAN,15,193,58588,0,0,0,4,0.0,58800,Q2
2017,2,SAN LUIS,8,4,14014,0,0,1,2,0.0,14029,Q2
2017,2,SANTA CRUZ,188,24,30913,541,66,33,0,0.0,31765,Q2
2017,2,SANTA FE,4967,38721,311830,92854,97563,16794,4275,0.0,567004,Q2
2017,2,SANTIAGO DEL ESTERO,26,3539,20384,6432,2802,16,0,0.0,33199,Q2
2017,2,TIERRA DEL FUEGO,16,285,35409,0,0,0,0,0.0,35710,Q2
2017,2,TUCUMÁN,96,9236,83342,42536,17788,1371,21,0.0,154390,Q2
2017,1,BUENOS AIRES,6017,83918,2057698,402315,523540,90937,22299,0.0,3186724,Q1
2017,1,CABA,510,1409,678921,218487,277195,66536,19881,0.0,1262939,Q1
2017,1,CATAMARCA,15,3328,15861,4901,2161,49,0,0.0,26315,Q1
2017,1,CHACO,191,3835,44544,21467,15671,3025,314,0.0,89047,Q1
2017,1,CHUBUT,401,4182,73759,1808,0,0,0,0.0,80150,Q1
2017,1,CÓRDOBA,50,28732,391556,82011,118643,19035,2071,0.0,642098,Q1
2017,1,CORRIENTES,15,6040,48149,20586,11468,2044,303,0.0,88605,Q1
2017,1,ENTRE RÍOS,1680,8080,108379,39146,20562,2254,317,0.0,180418,Q1
2017,1,FORMOSA,1535,3538,15473,4446,4058,635,22,0.0,29707,Q1
2017,1,JUJUY,330,6213,27824,6486,2306,44,0,0.0,43203,Q1
2017,1,LA PAMPA,362,9279,57739,331,192,165,11,0.0,68079,Q1
2017,1,LA RIOJA,9,1578,9486,3409,1718,22,2,0.0,16224,Q1
2017,1,MENDOZA,106,15,177201,86,50,5,22,0.0,177485,Q1
2017,1,MISIONES,1010,4665,45950,23847,19356,2627,166,0.0,97621,Q1
2017,1,NEUQUÉN,1547,1418,83813,902,15130,4223,458,0.0,107491,Q1
2017,1,RÍO NEGRO,986,5647,89622,246,6738,1594,200,0.0,105033,Q1
2017,1,SALTA,579,4861,70922,21554,9386,267,74,0.0,107643,Q1
2017,1,SAN JUAN,8,192,58588,0,0,0,4,0.0,58792,Q1
2017,1,SAN LUIS,8,4,14014,0,0,1,2,0.0,14029,Q1
2017,1,SANTA CRUZ,190,23,31078,474,68,30,0,0.0,31863,Q1
2017,1,SANTA FE,4966,39463,340418,77152,83008,15775,1831,0.0,562613,Q1
2017,1,SANTIAGO DEL ESTERO,26,3772,21659,6218,2786,17,0,0.0,34478,Q1
2017,1,TIERRA DEL FUEGO,16,285,35409,0,0,0,0,0.0,35710,Q1
2017,1,TUCUMÁN,96,9682,86470,39155,15951,1383,13,0.0,152750,Q1
2016,4,BUENOS AIRES,6055,86281,2085604,403575,467398,72348,17279,0.0,3138540,Q4
2016,4,CABA,517,1477,704324,225723,264582,53506,16756,0.0,1266885,Q4
2016,4,CATAMARCA,15,3478,16519,4889,2077,54,0,0.0,27032,Q4
2016,4,CHACO,191,3983,45634,21323,14887,2586,250,0.0,88854,Q4
2016,4,CHUBUT,401,4493,73951,1352,0,0,0,0.0,80197,Q4
2016,4,CÓRDOBA,50,29380,404645,77966,108368,15458,1606,0.0,637473,Q4
2016,4,CORRIENTES,15,6109,48995,20187,10908,1645,234,0.0,88093,Q4
2016,4,ENTRE RÍOS,1680,8253,110296,38491,19509,1801,280,0.0,180310,Q4
2016,4,FORMOSA,1573,3519,15791,4114,3855,649,17,0.0,29518,Q4
2016,4,JUJUY,303,6225,27778,6143,2134,43,0,0.0,42626,Q4
2016,4,LA PAMPA,368,9789,56694,16,335,132,11,0.0,67345,Q4
2016,4,LA RIOJA,9,1646,9635,3334,1675,13,3,0.0,16315,Q4
2016,4,MENDOZA,114,16,177194,79,49,5,20,0.0,177477,Q4
2016,4,MISIONES,1010,4783,47454,23433,18371,2215,126,0.0,97392,Q4
2016,4,NEUQUÉN,1539,1406,84859,792,14153,3073,271,0.0,106093,Q4
2016,4,RÍO NEGRO,998,2953,92967,248,6317,1174,122,0.0,104779,Q4
2016,4,SALTA,577,5027,71636,20787,8611,239,70,0.0,106947,Q4
2016,4,SAN JUAN,8,220,58608,0,0,0,4,0.0,58840,Q4
2016,4,SAN LUIS,8,4,14014,0,0,1,2,0.0,14029,Q4
2016,4,SANTA CRUZ,189,23,31369,342,80,10,0,0.0,32013,Q4
2016,4,SANTA FE,4966,40102,349722,74401,77667,13155,1529,0.0,561542,Q4
2016,4,SANTIAGO DEL ESTERO,26,3925,22246,6178,2664,15,0,0.0,35054,Q4
2016,4,TIERRA DEL FUEGO,16,285,35409,0,0,0,0,0.0,35710,Q4
2016,4,TUCUMÁN,96,10021,87994,37721,14389,1400,10,0.0,151631,Q4
2016,3,BUENOS AIRES,5856,107945,2148475,393530,399116,52900,13318,0.0,3121140,Q3
2016,3,CABA,331,995,759027,208249,240856,38341,13886,0.0,1261685,Q3
2016,3,CATAMARCA,15,4038,16183,4845,1853,50,0,0.0,26984,Q3
2016,3,CHACO,190,5227,46821,21193,13746,2022,217,0.0,89416,Q3
2016,3,CHUBUT,466,5190,74375,674,0,0,0,0.0,80705,Q3
2016,3,CÓRDOBA,48,41329,415075,75988,99225,11691,1322,0.0,644678,Q3
2016,3,CORRIENTES,15,7425,49471,19956,10006,1263,210,0.0,88346,Q3
2016,3,ENTRE RÍOS,1768,10657,110844,38665,17737,1307,248,0.0,181226,Q3
2016,3,FORMOSA,1723,4277,15581,3964,3658,648,10,0.0,29861,Q3
2016,3,JUJUY,286,6878,27425,5943,1978,31,0,0.0,42541,Q3
2016,3,LA PAMPA,374,10187,55792,15,224,114,11,0.0,66717,Q3
2016,3,LA RIOJA,9,2349,9686,3316,1562,11,2,0.0,16935,Q3
2016,3,MENDOZA,37,10,178186,73,48,5,17,0.0,178376,Q3
2016,3,MISIONES,1010,6030,48871,23394,17043,1559,91,0.0,97998,Q3
2016,3,NEUQUÉN,1531,1527,87404,680,12541,2118,225,0.0,106026,Q3
2016,3,RÍO NEGRO,1007,6026,90689,207,5953,790,99,0.0,104771,Q3
2016,3,SALTA,1107,6922,71214,20229,8099,197,50,0.0,107818,Q3
2016,3,SAN JUAN,8,245,58577,0,0,0,2,0.0,58832,Q3
2016,3,SAN LUIS,7,4,14077,0,0,1,2,0.0,14091,Q3
2016,3,SANTA CRUZ,189,22,31904,221,52,9,0,0.0,32397,Q3
2016,3,SANTA FE,3958,49501,360606,72657,69864,10210,1308,0.0,568104,Q3
2016,3,SANTIAGO DEL ESTERO,26,5097,22747,6216,2497,9,0,0.0,36592,Q3
2016,3,TIERRA DEL FUEGO,16,285,35080,0,0,0,0,0.0,35381,Q3
2016,3,TUCUMÁN,127,12247,87970,36518,13150,1288,4,0.0,151304,Q3
2016,2,BUENOS AIRES,10786,133385,2250898,335296,334723,31494,11933,0.0,3108515,Q2
2016,2,CABA,4352,1736,859038,146091,213010,19597,13477,0.0,1257301,Q2
2016,2,CATAMARCA,15,5736,14742,4567,1496,47,1,0.0,26604,Q2
2016,2,CHACO,197,8063,45823,20346,12090,1571,201,0.0,88291,Q2
2016,2,CHUBUT,572,5421,73078,775,0,0,0,0.0,79846,Q2
2016,2,CÓRDOBA,258,57050,437547,71980,82618,8355,1242,0.0,659050,Q2
2016,2,CORRIENTES,41,10018,47916,19200,8851,803,191,0.0,87020,Q2
2016,2,ENTRE RÍOS,4734,16368,115000,36917,15522,849,205,0.0,189595,Q2
2016,2,FORMOSA,1675,5401,14370,3569,3218,593,10,0.0,28836,Q2
2016,2,JUJUY,2561,8292,25301,5589,1750,3,0,0.0,43496,Q2
2016,2,LA PAMPA,429,10616,63928,15,119,96,11,0.0,75214,Q2
2016,2,LA RIOJA,10,3151,9043,3190,1344,3,5,0.0,16746,Q2
2016,2,MENDOZA,437,30,176922,61,44,5,20,0.0,177519,Q2
2016,2,MISIONES,1973,7899,49586,21385,14820,1073,96,0.0,96832,Q2
2016,2,NEUQUÉN,1916,1691,88854,583,10241,1285,208,0.0,104778,Q2
2016,2,RÍO NEGRO,1189,6107,92158,194,4877,520,86,0.0,105131,Q2
2016,2,SALTA,2160,10123,70875,18759,7129,140,49,0.0,109235,Q2
2016,2,SAN JUAN,10,273,57589,0,0,0,4,0.0,57876,Q2
2016,2,SAN LUIS,12,4,13931,0,0,1,2,0.0,13950,Q2
2016,2,SANTA CRUZ,244,26,31995,142,20,0,0,0.0,32427,Q2
2016,2,SANTA FE,9486,67325,374960,68505,60469,6509,1277,0.0,588531,Q2
2016,2,SANTIAGO DEL ESTERO,704,6705,22208,5943,2108,1,0,0.0,37669,Q2
2016,2,TIERRA DEL FUEGO,16,286,38773,0,0,0,0,0.0,39075,Q2
2016,2,TUCUMÁN,231,18515,83945,33891,11310,1032,2,0.0,148926,Q2
2016,1,BUENOS AIRES,7350,97879,2214759,289929,247372,8315,9528,0.0,2875135,Q1
2016,1,CABA,2310,43686,869048,178664,192643,6577,10838,0.0,1303768,Q1
2016,1,CATAMARCA,15,6102,14653,4241,1334,42,1,0.0,26388,Q1
2016,1,CHACO,194,8755,46304,19388,10587,1238,184,0.0,86650,Q1
2016,1,CHUBUT,94,5095,72396,1066,0,0,0,0.0,78651,Q1
2016,1,CÓRDOBA,148,59484,414452,65763,66455,4143,1039,0.0,611484,Q1
2016,1,CORRIENTES,29,10690,47833,18375,7911,526,170,0.0,85534,Q1
2016,1,ENTRE RÍOS,2864,17749,104137,35104,14057,457,165,0.0,174533,Q1
2016,1,FORMOSA,1738,5731,14163,3229,2906,544,5,0.0,28316,Q1
2016,1,JUJUY,2543,8558,22383,5188,1623,0,0,0.0,40295,Q1
2016,1,LA PAMPA,426,11065,52117,15,78,71,11,0.0,63783,Q1
2016,1,LA RIOJA,10,3382,9060,2980,1254,2,3,0.0,16691,Q1
2016,1,MENDOZA,235,21,175376,47,43,5,17,0.0,175744,Q1
2016,1,MISIONES,959,8502,50061,19195,13363,779,68,0.0,92927,Q1
2016,1,NEUQUÉN,1720,1737,86310,479,7893,143,171,0.0,98453,Q1
2016,1,RÍO NEGRO,1171,6105,90038,203,4246,77,81,0.0,101921,Q1
2016,1,SALTA,1119,10765,65646,17748,6643,119,31,0.0,102071,Q1
2016,1,SAN JUAN,9,309,56447,0,0,0,2,0.0,56767,Q1
2016,1,SAN LUIS,8,4,13645,0,0,1,2,0.0,13660,Q1
2016,1,SANTA CRUZ,168,29,32188,8,0,0,0,0.0,32393,Q1
2016,1,SANTA FE,6492,71565,353525,64117,51293,3754,1063,0.0,551809,Q1
2016,1,SANTIAGO DEL ESTERO,703,7219,22805,5769,1898,0,0,0.0,38394,Q1
2016,1,TIERRA DEL FUEGO,16,285,33003,0,0,0,0,0.0,33304,Q1
2016,1,TUCUMÁN,106,20092,84008,31490,10046,871,0,0.0,146613,Q1
2015,4,BUENOS AIRES,7984,100302,2253196,274559,240187,3834,8179,0.0,2888246,Q4
2015,4,CABA,2417,46568,916813,172029,198635,3087,10899,0.0,1350449,Q4
2015,4,CATAMARCA,15,6513,14484,4106,1313,39,1,0.0,26471,Q4
2015,4,CHACO,194,9593,46771,18608,10092,1136,159,0.0,86553,Q4
2015,4,CHUBUT,625,5774,71881,168,0,0,0,0.0,78448,Q4
2015,4,CÓRDOBA,148,63746,427471,62989,67151,3336,1088,0.0,625929,Q4
2015,4,CORRIENTES,29,11248,48104,17877,7569,456,150,0.0,85433,Q4
2015,4,ENTRE RÍOS,2865,18883,104224,33989,13668,399,163,0.0,174191,Q4
2015,4,FORMOSA,1791,6081,14279,2704,2713,519,4,0.0,28091,Q4
2015,4,JUJUY,2551,8876,21867,5044,1587,0,0,0.0,39925,Q4
2015,4,LA PAMPA,592,12951,48798,16,63,49,10,0.0,62479,Q4
2015,4,LA RIOJA,10,3638,9127,2937,1215,2,3,0.0,16932,Q4
2015,4,MENDOZA,241,23,174719,38,41,5,13,0.0,175080,Q4
2015,4,MISIONES,959,9169,51029,17281,13690,675,52,0.0,92855,Q4
2015,4,NEUQUÉN,1727,2061,89678,455,7934,9,175,0.0,102039,Q4
2015,4,RÍO NEGRO,3282,4473,89062,201,4024,5,75,0.0,101122,Q4
2015,4,SALTA,1122,11387,65677,17139,6507,99,5,0.0,101936,Q4
2015,4,SAN JUAN,9,386,55761,0,0,0,2,0.0,56158,Q4
2015,4,SAN LUIS,8,4,13473,0,0,1,2,0.0,13488,Q4
2015,4,SANTA CRUZ,188,26,32338,3,0,0,0,0.0,32555,Q4
2015,4,SANTA FE,6659,75770,361264,60985,51258,3079,1189,0.0,560204,Q4
2015,4,SANTIAGO DEL ESTERO,703,7836,23074,5669,1856,0,0,0.0,39138,Q4
2015,4,TIERRA DEL FUEGO,16,285,32662,0,0,0,0,0.0,32963,Q4
2015,4,TUCUMÁN,107,21800,83887,29942,9507,837,0,0.0,146080,Q4
2015,3,BUENOS AIRES,8361,107351,2266948,262563,200490,2642,7720,0.0,2856077,Q3
2015,3,CABA,2448,49339,942524,159618,175594,2027,10022,0.0,1341574,Q3
2015,3,CATAMARCA,15,6871,14206,4143,812,43,1,0.0,26091,Q3
2015,3,CHACO,240,10353,47131,19016,7498,979,157,0.0,85374,Q3
2015,3,CHUBUT,641,5886,71668,167,0,0,0,0.0,78362,Q3
2015,3,CÓRDOBA,150,68765,429787,61109,59372,2582,1048,0.0,622813,Q3
2015,3,CORRIENTES,33,11921,48127,18168,6111,453,146,0.0,84959,Q3
2015,3,ENTRE RÍOS,2863,20385,103990,34788,9924,384,153,0.0,172487,Q3
2015,3,FORMOSA,1862,6521,14354,2791,1842,379,2,0.0,27751,Q3
2015,3,JUJUY,2549,9278,21588,5169,966,0,0,0.0,39550,Q3
2015,3,LA PAMPA,613,13087,47660,9,55,39,10,0.0,61473,Q3
2015,3,LA RIOJA,10,3840,9102,2984,832,0,3,0.0,16771,Q3
2015,3,MENDOZA,256,25,173430,45,18,5,13,0.0,173792,Q3
2015,3,MISIONES,958,9809,51234,17367,11654,559,43,0.0,91624,Q3
2015,3,NEUQUÉN,1733,2124,85044,210,6599,2,155,0.0,95867,Q3
2015,3,RÍO NEGRO,3372,4457,88691,99,3826,1,62,0.0,100508,Q3
2015,3,SALTA,1126,12223,65405,17451,4318,61,5,0.0,100589,Q3
2015,3,SAN JUAN,9,391,54963,0,0,0,2,0.0,55365,Q3
2015,3,SAN LUIS,9,4,13286,0,0,1,2,0.0,13302,Q3
2015,3,SANTA CRUZ,190,25,32266,2,0,0,0,0.0,32483,Q3
2015,3,SANTA FE,6767,80817,363177,59531,42021,2320,1133,0.0,555766,Q3
2015,3,SANTIAGO DEL ESTERO,703,8332,23158,5956,1249,0,0,0.0,39398,Q3
2015,3,TIERRA DEL FUEGO,15,285,36408,2,0,0,0,0.0,36710,Q3
2015,3,TUCUMÁN,107,23687,83654,29998,6232,623,0,0.0,144301,Q3
2015,2,BUENOS AIRES,8714,137188,2299705,243502,159921,2009,6712,0.0,2857754,Q2
2015,2,CABA,2493,51799,990111,148569,142976,1482,9258,0.0,1346689,Q2
2015,2,CATAMARCA,15,7253,14003,3776,593,37,1,0.0,25678,Q2
2015,2,CHACO,288,11058,47551,17675,6337,788,149,0.0,83846,Q2
2015,2,CHUBUT,656,6032,55791,168,0,0,0,0.0,62647,Q2
2015,2,CÓRDOBA,156,72695,434717,54993,46415,1956,903,0.0,611835,Q2
2015,2,CORRIENTES,34,12542,48015,17184,5039,379,126,0.0,83319,Q2
2015,2,ENTRE RÍOS,2864,21986,104043,32293,7867,354,136,0.0,169543,Q2
2015,2,FORMOSA,1881,6907,14247,2436,1324,257,1,0.0,27053,Q2
2015,2,JUJUY,2479,9474,20248,4792,730,0,0,0.0,37723,Q2
2015,2,LA PAMPA,5737,8182,46235,27,24,25,10,0.0,60240,Q2
2015,2,LA RIOJA,10,4082,9093,2680,641,0,3,0.0,16509,Q2
2015,2,MENDOZA,268,26,170451,42,16,5,13,0.0,170821,Q2
2015,2,MISIONES,958,10360,51671,15022,10072,408,33,0.0,88524,Q2
2015,2,NEUQUÉN,1755,2348,82727,214,5168,2,110,0.0,92324,Q2
2015,2,RÍO NEGRO,3413,4525,87362,97,3240,1,51,0.0,98689,Q2
2015,2,SALTA,1123,13020,64737,16241,3114,29,5,0.0,98269,Q2
2015,2,SAN JUAN,8,410,51568,0,0,0,2,0.0,51988,Q2
2015,2,SAN LUIS,9,4,13204,0,0,1,2,0.0,13220,Q2
2015,2,SANTA CRUZ,210,25,25519,2,0,0,0,0.0,25756,Q2
2015,2,SANTA FE,6827,86016,364441,53205,33894,1856,1014,0.0,547253,Q2
2015,2,SANTIAGO DEL ESTERO,703,8779,23456,5553,888,0,0,0.0,39379,Q2
2015,2,TIERRA DEL FUEGO,15,285,36073,2,0,0,0,0.0,36375,Q2
2015,2,TUCUMÁN,107,25178,83462,26966,4502,455,0,0.0,140670,Q2
2015,1,BUENOS AIRES,8882,123588,2267851,220070,126958,1560,5700,0.0,2754611,Q1
2015,1,CABA,2545,59084,1013510,134150,114568,1195,8401,0.0,1333455,Q1
2015,1,CATAMARCA,13,7634,13754,3202,517,9,1,0.0,25130,Q1
2015,1,CHACO,26,12053,47425,15883,5346,489,135,0.0,81357,Q1
2015,1,CHUBUT,651,6176,57333,102,0,0,0,0.0,64262,Q1
2015,1,CÓRDOBA,157,78427,432802,46574,37443,1615,815,0.0,597833,Q1
2015,1,CORRIENTES,36,13295,47842,15554,4424,235,98,0.0,81484,Q1
2015,1,ENTRE RÍOS,2867,23951,104168,28113,6926,274,119,0.0,166418,Q1
2015,1,FORMOSA,1891,7336,14413,2024,878,157,1,0.0,26700,Q1
2015,1,JUJUY,2458,9754,19858,3939,603,0,0,0.0,36612,Q1
2015,1,LA PAMPA,6059,8054,45038,26,10,13,10,0.0,59210,Q1
2015,1,LA RIOJA,11,4201,9379,2207,533,0,3,0.0,16334,Q1
2015,1,MENDOZA,287,24,169763,38,16,6,11,0.0,170145,Q1
2015,1,MISIONES,958,11136,51906,12387,8543,194,26,0.0,85150,Q1
2015,1,NEUQUÉN,1895,2577,80787,170,4067,2,76,0.0,89574,Q1
2015,1,RÍO NEGRO,3371,4913,86173,94,2632,2,42,0.0,97227,Q1
2015,1,SALTA,1123,14151,64992,13955,2569,15,5,0.0,96810,Q1
2015,1,SAN JUAN,8,445,51346,0,0,0,2,0.0,51801,Q1
2015,1,SAN LUIS,10,8,12720,0,1,0,2,0.0,12741,Q1
2015,1,SANTA CRUZ,205,27,26048,2,0,0,0,0.0,26282,Q1
2015,1,SANTA FE,6883,93096,360964,45270,27597,1542,900,0.0,536252,Q1
2015,1,SANTIAGO DEL ESTERO,701,9236,23136,4796,748,0,0,0.0,38617,Q1
2015,1,TIERRA DEL FUEGO,14,609,36319,2,0,0,0,0.0,36944,Q1
2015,1,TUCUMÁN,107,27143,83895,23061,3722,334,0,0.0,138262,Q1
2014,4,BUENOS AIRES,8226,132937,2250445,203620,104322,996,5406,0.0,2705953,Q4
2014,4,CABA,2698,62895,1038268,123450,95771,890,7997,0.0,1331972,Q4
2014,4,CATAMARCA,21,8047,14093,2910,421,0,1,0.0,25493,Q4
2014,4,CHACO,483,12837,42106,7908,2600,124,2,0.0,66060,Q4
2014,4,CHUBUT,1858,6218,60392,70,0,0,0,0.0,68538,Q4
2014,4,CÓRDOBA,1903,85362,427844,41947,30858,1177,782,0.0,589873,Q4
2014,4,CORRIENTES,40,13860,42182,7513,2106,0,9,0.0,65710,Q4
2014,4,ENTRE RÍOS,2311,27801,88649,18318,3584,1,66,0.0,140730,Q4
2014,4,FORMOSA,1947,7830,14058,1852,473,47,1,0.0,26208,Q4
2014,4,JUJUY,1880,10427,19740,3443,465,0,0,0.0,35955,Q4
2014,4,LA PAMPA,6266,6879,36520,26,5,4,10,0.0,49710,Q4
2014,4,LA RIOJA,9,4333,9728,1943,386,0,3,0.0,16402,Q4
2014,4,MENDOZA,303,19,169222,36,14,5,12,0.0,169611,Q4
2014,4,MISIONES,547,11840,53093,8731,2952,54,12,0.0,77229,Q4
2014,4,NEUQUÉN,1731,2744,80938,126,3621,2,66,0.0,89228,Q4
2014,4,RÍO NEGRO,3640,4723,85094,94,2319,4,30,0.0,95904,Q4
2014,4,SALTA,54,16214,63221,12552,1922,0,4,0.0,93967,Q4
2014,4,SAN JUAN,11,478,51628,0,0,0,2,0.0,52119,Q4
2014,4,SAN LUIS,9,0,13135,0,0,1,2,0.0,13147,Q4
2014,4,SANTA CRUZ,156,1400,24145,1,1,0,0,0.0,25703,Q4
2014,4,SANTA FE,8707,99962,359293,36718,21098,869,824,0.0,527471,Q4
2014,4,SANTIAGO DEL ESTERO,1246,8913,24181,4359,602,0,0,0.0,39301,Q4
2014,4,TIERRA DEL FUEGO,12,283,31489,2,0,0,0,0.0,31786,Q4
2014,4,TUCUMÁN,17,28746,85091,20631,2733,196,0,0.0,137414,Q4
2014,3,BUENOS AIRES,7355,128186,2281523,156693,68946,243,4232,0.0,2647180,Q3
2014,3,CABA,840,78016,1060145,102169,70907,94,6626,0.0,1318799,Q3
2014,3,CATAMARCA,19,8845,13790,1915,111,0,0,0.0,24680,Q3
2014,3,CHACO,398,14731,41934,5428,1274,5,0,0.0,63770,Q3
2014,3,CHUBUT,2013,6281,60771,34,0,0,0,0.0,69099,Q3
2014,3,CÓRDOBA,660,98992,435692,28992,18888,84,664,0.0,583972,Q3
2014,3,CORRIENTES,21,15448,41717,5181,1172,0,0,0.0,63539,Q3
2014,3,ENTRE RÍOS,1709,29710,91450,12569,1310,0,48,0.0,136796,Q3
2014,3,FORMOSA,2001,8323,14202,1324,85,0,0,0.0,25935,Q3
2014,3,JUJUY,127,10979,20216,2305,82,0,0,0.0,33709,Q3
2014,3,LA PAMPA,6458,6645,41009,24,5,4,10,0.0,54155,Q3
2014,3,LA RIOJA,10,4785,9720,1337,61,0,0,0.0,15913,Q3
2014,3,MENDOZA,35,0,167763,31,12,13,1,0.0,167855,Q3
2014,3,MISIONES,640,13637,53510,5928,1606,0,1,0.0,75322,Q3
2014,3,NEUQUÉN,1522,3099,80090,107,2865,10,27,0.0,87720,Q3
2014,3,RÍO NEGRO,3640,5189,86868,87,1944,8,9,0.0,97745,Q3
2014,3,SALTA,732,17481,66026,8314,388,0,0,0.0,92941,Q3
2014,3,SAN JUAN,8,487,51276,0,0,0,0,0.0,51771,Q3
2014,3,SAN LUIS,8,0,13029,0,0,3,0,0.0,13040,Q3
2014,3,SANTA CRUZ,195,1624,24248,1,1,0,0,0.0,26069,Q3
2014,3,SANTA FE,8230,112593,357615,23962,12124,38,806,0.0,515368,Q3
2014,3,SANTIAGO DEL ESTERO,791,9914,23826,2867,142,0,0,0.0,37540,Q3
2014,3,TIERRA DEL FUEGO,12,336,32348,2,0,0,0,0.0,32698,Q3
2014,3,TUCUMÁN,6,32716,84668,14101,559,4,0,0.0,132054,Q3
2014,2,BUENOS AIRES,6902,162273,2288771,140226,56548,284,4309,0.0,2659315,Q2
2014,2,CABA,847,81431,1078213,87358,56004,58,6427,0.0,1310340,Q2
2014,2,CATAMARCA,19,8844,13794,1915,111,0,0,0.0,24683,Q2
2014,2,CHACO,412,14854,41530,5418,1085,5,0,0.0,63304,Q2
2014,2,CHUBUT,2064,6582,61868,0,0,0,0,0.0,70514,Q2
2014,2,CÓRDOBA,2105,101598,429536,28698,14824,76,627,0.0,577464,Q2
2014,2,CORRIENTES,20,15563,41219,5199,956,0,0,0.0,62957,Q2
2014,2,ENTRE RÍOS,2187,32781,86757,12564,1162,0,44,0.0,135495,Q2
2014,2,FORMOSA,2032,8218,13944,1321,85,0,0,0.0,25600,Q2
2014,2,JUJUY,1873,11233,18851,2305,82,0,0,0.0,34344,Q2
2014,2,LA PAMPA,7032,6761,34089,18,5,4,10,0.0,47919,Q2
2014,2,LA RIOJA,10,4785,9719,1337,61,0,0,0.0,15912,Q2
2014,2,MENDOZA,35,6,166710,31,10,5,10,0.0,166807,Q2
2014,2,MISIONES,540,13644,53245,5924,1334,2,0,0.0,74689,Q2
2014,2,NEUQUÉN,1531,3206,79087,92,2289,2,30,0.0,86237,Q2
2014,2,RÍO NEGRO,3468,5507,84978,78,1569,2,8,0.0,95610,Q2
2014,2,SALTA,53,18818,64440,8293,388,0,0,0.0,91992,Q2
2014,2,SAN JUAN,10,507,51129,0,0,0,0,0.0,51646,Q2
2014,2,SAN LUIS,7,0,13045,0,0,1,2,0.0,13055,Q2
2014,2,SANTA CRUZ,153,1637,25374,2,0,0,0,0.0,27166,Q2
2014,2,SANTA FE,8515,115197,353559,23939,10058,34,792,0.0,512094,Q2
2014,2,SANTIAGO DEL ESTERO,1231,9914,23842,2867,142,0,0,0.0,37996,Q2
2014,2,TIERRA DEL FUEGO,12,334,31198,2,0,0,0,0.0,31546,Q2
2014,2,TUCUMÁN,6,32714,84675,14101,559,4,0,0.0,132059,Q2
2014,1,BUENOS AIRES,8469,171244,2279875,121787,38923,206,4037,0.0,2624542,Q1
2014,1,CABA,852,88825,1096050,70292,38797,54,6208,0.0,1301080,Q1
2014,1,CATAMARCA,19,9147,13330,1672,64,0,0,0.0,24232,Q1
2014,1,CHACO,438,15849,40869,4644,741,5,0,0.0,62546,Q1
2014,1,CHUBUT,7452,10,61329,0,0,0,0,0.0,68791,Q1
2014,1,CÓRDOBA,2076,107705,423114,24112,9818,40,588,0.0,567453,Q1
2014,1,CORRIENTES,20,16357,40742,4486,630,0,0,0.0,62235,Q1
2014,1,ENTRE RÍOS,2177,35206,85248,10828,746,0,43,0.0,134248,Q1
2014,1,FORMOSA,2062,8475,13685,1133,67,0,0,0.0,25422,Q1
2014,1,JUJUY,1832,11498,18415,2002,56,0,0,0.0,33803,Q1
2014,1,LA PAMPA,7434,6535,32501,17,5,4,10,0.0,46506,Q1
2014,1,LA RIOJA,10,5111,9390,1165,35,0,0,0.0,15711,Q1
2014,1,MENDOZA,35,6,166655,19,10,6,9,0.0,166740,Q1
2014,1,MISIONES,545,14460,52852,5139,958,0,0,0.0,73954,Q1
2014,1,NEUQUÉN,4133,987,77148,84,1582,2,22,0.0,83958,Q1
2014,1,RÍO NEGRO,4670,4618,84304,73,1062,1,8,0.0,94736,Q1
